"CLINIC_ID","STRIPE_SUBSCRIPTION_ID","SUBSCRIPTION_START_DATE","SUBSCRIPTION_END_DATE","SUBSCRIPTION_CURRENT_PERIOD_STARTED_AT","SUBSCRIPTION_CURRENT_PERIOD_ENDS_AT","MOST_RECENT_INVOICE_CREATED_AT","LAST_PAYMENT_AT","CHECKOUT_STATUS","SUBSCRIPTION_STATUS","BILLING_INTERVAL_IN_MONTHS","FIRST_PAYMENT_METHOD_TYPE","FIRST_CARD_BRAND","FIRST_PAYMENT_AMOUNT","FIRST_PAYMENT_AMOUNT_OFF","FIRST_PAYMENT_PROMOTION_CODE","FIRST_PAYMENT_COUPON_ID","FIRST_PAYMENT_AMOUNT_OFF_2"
9000,"sub_1NaOxzCpjOdJI4gTfqZ2epGB","2023-08-01","2023-10-01","2023-09-01 17:14:51.000","2023-10-01 17:14:51.000","2023-09-01 17:16:49.000","2023-09-01 18:17:14.000","complete","canceled","1","Cartão de Crédito","mastercard",89.9,,,,
9032,"sub_1Namy7CpjOdJI4gTzrxPLlFg","2023-08-02",,"2023-10-02 18:52:35.000","2023-11-02 18:52:35.000","2023-10-02 18:53:31.000","2023-08-09 10:20:45.000","complete","past_due","1","Cartão de Crédito","visa",89.9,,,,
9105,"sub_1NalRdCpjOdJI4gTFRPqMhcv","2023-08-02",,"2023-10-02 17:14:57.000","2023-11-02 17:14:57.000","2023-10-02 17:16:56.000","2023-10-02 18:22:04.000","complete","active","1","Cartão de Crédito","visa",89.9,,,,
9027,"sub_1Nb3CECpjOdJI4gTFLOepcZD","2023-08-03","2023-09-03","2023-08-03 12:12:14.000","2023-09-03 12:12:14.000","2023-08-03 12:12:14.000","2023-08-03 12:12:16.000","complete","canceled","1","Cartão de Crédito","visa",89.9,,,,
9072,"sub_1Nb7E2CpjOdJI4gTsIJIy9b1","2023-08-03","2023-09-03","2023-08-03 16:30:22.000","2023-09-03 16:30:22.000","2023-08-03 16:30:22.000","2023-08-03 16:30:24.000","complete","canceled","1","Cartão de Crédito","visa",89.9,,,,
9031,"sub_1NbTDjCpjOdJI4gTxs3GC5kl","2023-08-04",,"2023-10-04 15:59:31.000","2023-11-04 15:59:31.000","2023-10-04 16:07:36.000","2023-10-04 17:13:22.000","complete","active","1","Cartão de Crédito","visa",89.9,,,,
9195,"sub_1NbXPdCpjOdJI4gTzI7Aud54","2023-08-04","2023-09-10","2023-09-04 20:28:05.000","2023-10-04 20:28:05.000","2023-09-04 20:31:59.000","2023-08-04 20:28:07.000","complete","canceled","1","Cartão de Crédito","mastercard",89.9,,,,
9025,"sub_1NcJ0rCpjOdJI4gTXD7prTk5","2023-08-06",,"2023-08-06 23:17:41.000","2024-08-06 23:17:41.000","2023-08-06 23:17:41.000","2023-08-06 23:17:44.000","complete","active","12","Cartão de Crédito","mastercard",587.16,,"CAPIM30","oUu4Feil",
9175,"sub_1NcT3pCpjOdJI4gTvLlhApJX","2023-08-07",,"2023-08-07 10:01:25.000","2024-08-07 10:01:25.000","2023-08-07 10:01:25.000","2023-08-07 10:01:27.000","complete","active","12","Cartão de Crédito","mastercard",587.16,,"CAPIM30","oUu4Feil",
9318,"sub_1Ncps4CpjOdJI4gT2tdKW1ba","2023-08-08","2023-09-14","2023-09-08 10:22:48.000","2023-10-08 10:22:48.000","2023-09-08 10:23:57.000","2023-08-08 10:22:51.000","complete","canceled","1","Cartão de Crédito","mastercard",89.9,,,,
9299,"sub_1NczLSCpjOdJI4gTBKnzz8Em","2023-08-08","2023-10-14","2023-10-08 20:29:46.000","2023-11-08 20:29:46.000","2023-10-08 20:30:40.000","2023-09-11 21:48:54.000","complete","canceled","1","Cartão de Crédito","mastercard",89.9,,,,
9051,"sub_1Nd2B9CpjOdJI4gTRtgw0auH","2023-08-08",,"2023-10-08 23:31:19.000","2023-11-08 23:31:19.000","2023-10-08 23:35:49.000","2023-10-09 00:40:31.000","complete","active","1","Cartão de Crédito","mastercard",62.93,,,,
9369,"sub_1NdGCWCpjOdJI4gTHpiDs40N","2023-08-09",,"2023-10-09 14:29:40.000","2023-11-09 14:29:40.000","2023-10-09 14:36:44.000","2023-10-09 15:45:31.000","complete","active","1","Cartão de Crédito","mastercard",89.9,,,,
9071,"sub_1NdCP1CpjOdJI4gTqLOUMRiL","2023-08-09",,"2023-10-09 10:26:19.000","2023-11-09 10:26:19.000","2023-10-09 10:28:16.000","2023-10-09 11:28:48.000","complete","active","1","Cartão de Crédito","visa",62.93,,,,
9017,"sub_1NdIwKCpjOdJI4gT18TfQpi3","2023-08-09","2023-10-15","2023-10-09 17:25:08.000","2023-11-09 17:25:08.000","2023-10-09 17:35:24.000","2023-09-09 18:32:33.000","complete","canceled","1","Cartão de Crédito","visa",89.9,,,,
9415,"sub_1NdNZiCpjOdJI4gT2xaQsTTm","2023-08-09","2023-09-09","2023-08-09 22:22:06.000","2023-09-09 22:22:06.000","2023-08-09 22:22:06.000","2023-08-09 22:22:09.000","complete","canceled","1","Cartão de Crédito","mastercard",89.9,,,,
9426,"sub_1NdfZhCpjOdJI4gT1x064AFT","2023-08-10",,"2023-08-10 17:35:17.000","2024-02-10 17:35:17.000","2023-08-10 17:35:17.000","2023-08-10 17:35:20.000","complete","active","6","Cartão de Crédito","mastercard",479.4,,,,
9423,"sub_1NdfbZCpjOdJI4gTxr2ZSgjv","2023-08-10",,"2023-08-10 17:37:13.000","2024-02-10 17:37:13.000","2023-08-10 17:37:13.000","2023-08-11 06:32:59.000","complete","active","6","Boleto",,479.4,,,,
9081,"sub_1NddziCpjOdJI4gTciFyRzha","2023-08-10",,"2023-08-10 15:54:02.000","2024-02-10 15:54:02.000","2023-08-10 15:54:02.000","2023-08-12 03:13:49.000","complete","active","6","Boleto",,479.4,,,,
9004,"sub_1NdZCbCpjOdJI4gTdnIv2X8f","2023-08-10",,"2023-08-10 10:47:01.000","2024-02-10 10:47:01.000","2023-08-10 10:47:01.000","2023-08-10 10:47:04.000","complete","active","6","Cartão de Crédito","visa",319.6,,"clearcorrect6","lcWaM4r6",
9283,"sub_1NdfbjCpjOdJI4gTqXaXUMm3","2023-08-10",,"2023-08-10 17:37:23.000","2024-02-10 17:37:23.000","2023-08-10 17:37:23.000","2023-08-10 17:37:25.000","complete","active","6","Cartão de Crédito","mastercard",479.4,,,,
9085,"sub_1NduvJCpjOdJI4gT7OCigi9u","2023-08-11",,"2023-10-11 09:58:37.000","2023-11-11 09:58:37.000","2023-10-11 10:03:01.000","2023-10-11 11:04:44.000","complete","active","1","Cartão de Crédito","visa",62.93,,,,
9463,"sub_1NdvraCpjOdJI4gTtqNEHG39","2023-08-11",,"2023-08-11 10:58:50.000","2024-08-11 10:58:50.000","2023-08-11 10:58:51.000",,"complete","active","12","Cartão de Crédito","mastercard",419.4,,"PREP50","dV87G5C6",
9092,"sub_1Ne1UACpjOdJI4gTPx3mc0nR","2023-08-11",,"2023-08-11 16:59:02.000","2024-02-11 16:59:02.000","2023-08-11 16:59:02.000","2023-08-14 21:12:37.000","complete","active","6","Boleto",,335.58,,"CAPIM30","oUu4Feil",
9277,"sub_1NeitDCpjOdJI4gTYrB7QoqI","2023-08-13",,"2023-10-13 15:19:47.000","2023-11-13 15:19:47.000","2023-10-13 15:38:47.000","2023-10-13 16:39:59.000","complete","active","1","Cartão de Crédito","mastercard",89.9,,,,
9033,"sub_1NepitCpjOdJI4gTP3wbkKAQ","2023-08-13","2023-09-19","2023-09-13 22:37:35.000","2023-10-13 22:37:35.000","2023-09-13 22:40:17.000","2023-08-13 22:37:37.000","complete","canceled","1","Cartão de Crédito","visa",89.9,,,,
9248,"sub_1Nf5esCpjOdJI4gTkWMzqdWE","2023-08-14",,"2023-10-14 15:38:30.000","2023-11-14 15:38:30.000","2023-10-14 15:53:08.000","2023-10-14 16:58:31.000","complete","active","1","Cartão de Crédito","visa",89.9,,,,
9241,"sub_1NezueCpjOdJI4gT2FGMouy1","2023-08-14",,"2023-08-14 09:30:24.000","2024-08-14 09:30:24.000","2023-08-14 09:30:24.000","2023-08-14 09:30:26.000","complete","active","12","Cartão de Crédito","mastercard",838.8,,,,
9510,"sub_1NfA3sCpjOdJI4gTCCQM3JOW","2023-08-14",,"2023-10-14 20:20:36.000","2023-11-14 20:20:36.000","2023-10-14 20:23:05.000","2023-10-14 21:24:37.000","complete","active","1","Cartão de Crédito","mastercard",89.9,,,,
9269,"sub_1NfLNpCpjOdJI4gTDijKD3Lx","2023-08-15",,"2023-10-15 08:25:57.000","2023-11-15 08:25:57.000","2023-10-15 08:28:47.000","2023-10-16 17:44:26.000","complete","active","1","Cartão de Crédito","mastercard",89.9,,,,
9474,"sub_1NfL8ACpjOdJI4gTX0MfRpXT","2023-08-15",,"2023-08-15 08:09:46.000","2024-08-15 08:09:46.000","2023-08-15 08:09:46.000","2023-08-15 14:11:54.000","complete","active","12","Boleto",,587.16,,"CAPIM30","oUu4Feil",
9598,"sub_1NfNHOCpjOdJI4gTxWfPkV5L","2023-08-15","2023-09-15","2023-08-15 10:27:26.000","2023-09-15 10:27:26.000","2023-08-15 10:27:26.000","2023-08-15 10:27:28.000","complete","canceled","1","Cartão de Crédito","mastercard",71.92,,"PREP20","cZ1wGhN0",
9213,"sub_1NfOx8CpjOdJI4gTgPzsya4n","2023-08-15",,"2023-10-15 12:14:38.000","2023-11-15 12:14:38.000","2023-10-15 12:24:51.000","2023-09-15 13:19:44.000","complete","past_due","1","Cartão de Crédito","mastercard",89.9,,,,
9229,"sub_1NfWFVCpjOdJI4gT3HVTAs6e","2023-08-15","2023-10-15","2023-09-15 20:02:05.000","2023-10-15 20:02:05.000","2023-09-15 20:04:09.000","2023-09-15 21:08:11.000","complete","canceled","1","Cartão de Crédito","visa",89.9,,,,
9076,"sub_1NfPi7CpjOdJI4gTvzsBs2s4","2023-08-15",,"2023-10-15 13:03:11.000","2023-11-15 13:03:11.000","2023-10-15 13:07:12.000","2023-10-15 14:07:36.000","complete","active","1","Cartão de Crédito","mastercard",89.9,,,,
9408,"sub_1NfUEBCpjOdJI4gTXMbq55T8","2023-08-15",,"2023-10-15 17:52:34.000","2023-11-15 17:52:34.000","2023-10-15 18:21:41.000","2023-10-15 19:25:12.000","complete","active","1","Cartão de Crédito","mastercard",89.9,,,,
9070,"sub_1Nfj1uCpjOdJI4gTAsIK72NR","2023-08-16",,"2023-10-16 09:40:54.000","2023-11-16 09:40:54.000","2023-10-16 09:43:10.000","2023-10-16 10:47:04.000","complete","active","1","Cartão de Crédito","mastercard",89.9,,,,
9137,"sub_1NfkQyCpjOdJI4gTZGQ4te0P","2023-08-16",,"2023-10-16 11:10:52.000","2023-11-16 11:10:52.000","2023-10-16 11:39:41.000","2023-09-16 12:16:50.000","complete","past_due","1","Cartão de Crédito","mastercard",89.9,,,,
9628,"sub_1NfrOpCpjOdJI4gTU9LcgFYH","2023-08-16",,"2023-08-16 18:37:07.000","2024-08-16 18:37:07.000","2023-08-16 18:37:07.000","2023-08-16 18:37:09.000","complete","active","12","Cartão de Crédito","visa",419.4,,"PREP50","dV87G5C6",
9653,"sub_1NfjC7CpjOdJI4gTYZWkdWj8","2023-08-16",,"2023-08-16 09:51:27.000","2024-08-16 09:51:27.000","2023-08-16 09:51:27.000","2023-08-16 09:51:29.000","complete","active","12","Cartão de Crédito","mastercard",419.4,,"PREP50","dV87G5C6",
9393,"sub_1NfoGmCpjOdJI4gTNV0jqF3i","2023-08-16","2023-10-16","2023-09-16 15:16:36.000","2023-10-16 15:16:36.000","2023-09-16 15:22:39.000","2023-09-16 16:23:02.000","complete","canceled","1","Cartão de Crédito","visa",62.93,,,,
9390,"sub_1Nfsq5CpjOdJI4gT4IzZvbuT","2023-08-16",,"2023-08-16 20:09:21.000","2024-08-16 20:09:21.000","2023-08-16 20:09:21.000","2023-08-16 20:09:23.000","complete","active","12","Cartão de Crédito","mastercard",587.16,,"CAPIM30","oUu4Feil",
9546,"sub_1Nfuc3CpjOdJI4gTfAC6JDE1","2023-08-16",,"2023-08-16 22:02:58.000","2024-08-16 22:02:58.000","2023-08-16 22:02:59.000","2023-08-16 22:03:13.000","complete","active","12","Cartão de Crédito","visa",419.4,,"PREP50","dV87G5C6",
9357,"sub_1NfqnqCpjOdJI4gTodg49ncS","2023-08-16",,"2023-10-16 17:58:54.000","2023-11-16 17:58:54.000","2023-10-16 18:08:19.000","2023-10-17 10:27:46.000","complete","active","1","Cartão de Crédito","mastercard",89.9,,,,
9343,"sub_1NfityCpjOdJI4gT6LbLhh76","2023-08-16",,"2023-08-16 09:32:42.000","2024-02-16 09:32:42.000","2023-08-16 09:32:42.000","2023-08-16 11:45:35.000","complete","active","6","Boleto",,479.4,,,,
9256,"sub_1Ng3MpCpjOdJI4gT9z3KVu2Y","2023-08-17",,"2023-10-17 07:23:51.000","2023-11-17 07:23:51.000","2023-10-17 07:28:13.000","2023-10-20 08:32:22.000","complete","active","1","Cartão de Crédito","mastercard",89.9,,,,
9713,"sub_1NgAf1CpjOdJI4gTbAQjBAVD","2023-08-17","2023-09-17","2023-08-17 15:11:07.000","2023-09-17 15:11:07.000","2023-08-17 15:11:07.000","2023-08-17 15:11:09.000","complete","canceled","1","Cartão de Crédito","visa",89.9,,,,
9169,"sub_1NgG0tCpjOdJI4gTvoO8OZfn","2023-08-17",,"2023-10-17 20:54:03.000","2023-11-17 20:54:03.000","2023-10-17 20:55:09.000","2023-10-17 21:57:15.000","complete","active","1","Cartão de Crédito","mastercard",89.9,,,,
9121,"sub_1NgHdACpjOdJI4gT99Y33Gsz","2023-08-17","2023-10-17","2023-09-17 22:37:40.000","2023-10-17 22:37:40.000","2023-09-17 22:39:00.000","2023-09-17 23:39:32.000","complete","canceled","1","Cartão de Crédito","mastercard",89.9,,,,
9726,"sub_1NgF8DCpjOdJI4gTlgCNc1q5","2023-08-17",,"2023-08-17 19:57:33.000","2024-08-17 19:57:33.000","2023-08-17 19:57:33.000","2023-08-18 04:13:50.000","complete","active","12","Boleto",,419.4,,"PREP50","dV87G5C6",
9702,"sub_1NgAT2CpjOdJI4gT6sS7s7Zl","2023-08-17",,"2023-10-17 14:58:44.000","2023-11-17 14:58:44.000","2023-10-17 14:59:44.000","2023-10-17 16:07:28.000","complete","active","1","Cartão de Crédito","visa",89.9,,,,
9718,"sub_1NgW8XCpjOdJI4gTyODfjoAF","2023-08-18","2023-11-18","2023-10-18 14:07:01.000","2023-11-18 14:07:01.000","2023-10-18 14:12:54.000","2023-10-18 15:30:42.000","open","active","1","Cartão de Crédito","mastercard",89.9,,,,
9480,"sub_1NgS2PCpjOdJI4gTitUxaERG","2023-08-18","2023-10-18","2023-09-18 09:44:25.000","2023-10-18 09:44:25.000","2023-09-18 09:47:04.000","2023-09-18 10:52:52.000","complete","canceled","1","Cartão de Crédito","mastercard",89.9,,,,
9508,"sub_1NgUPICpjOdJI4gTRX89thVn","2023-08-18",,"2023-08-18 12:16:12.000","2024-08-18 12:16:12.000","2023-08-18 12:16:12.000","2023-08-18 16:42:28.000","complete","active","12","Boleto",,419.4,,"PREP50","dV87G5C6",
9477,"sub_1NgS6dCpjOdJI4gTCByjuXCO","2023-08-18",,"2023-10-18 09:48:47.000","2023-11-18 09:48:47.000","2023-10-18 09:53:31.000","2023-09-19 15:44:07.000","complete","past_due","1","Cartão de Crédito","mastercard",62.93,,,,
9572,"sub_1NgvJpCpjOdJI4gTvoBOooWr","2023-08-19","2023-09-25","2023-09-19 17:00:21.000","2023-10-19 17:00:21.000","2023-09-19 17:02:44.000","2023-08-19 17:00:23.000","complete","canceled","1","Cartão de Crédito","visa",89.9,,,,
9652,"sub_1Nh2kmCpjOdJI4gT53eEQYmK","2023-08-20",,"2023-08-20 00:56:40.000","2024-08-20 00:56:40.000","2023-08-20 00:56:40.000","2023-08-20 00:56:42.000","complete","active","12","Cartão de Crédito","mastercard",838.8,,,,
9476,"sub_1NhYJICpjOdJI4gTJEAOGkfs","2023-08-21",,"2023-09-21 10:38:24.000","2023-10-21 10:38:24.000","2023-09-21 10:46:40.000","2023-09-21 12:02:31.000","complete","active","1","Cartão de Crédito","mastercard",62.93,,,,
9115,"sub_1NhXSaCpjOdJI4gT1BINYV2z","2023-08-21",,"2023-08-21 09:43:55.000","2024-02-21 09:43:55.000","2023-08-21 09:43:56.000","2023-08-21 09:43:58.000","complete","active","6","Cartão de Crédito","visa",479.4,,,,
9664,"sub_1Nhe8KCpjOdJI4gTZ6YZyA9L","2023-08-21","2023-09-21","2023-08-21 16:51:28.000","2023-09-21 16:51:28.000","2023-08-21 16:51:28.000","2023-08-21 16:51:30.000","complete","canceled","1","Cartão de Crédito","visa",89.9,,,,
9586,"sub_1NhjK0CpjOdJI4gTriMMDjUt","2023-08-21",,"2023-08-21 22:23:52.000","2024-08-21 22:23:52.000","2023-08-21 22:23:52.000","2023-08-21 22:23:54.000","complete","active","12","Cartão de Crédito","visa",838.8,,,,
9570,"sub_1NhgX3CpjOdJI4gTPziFgTeh","2023-08-21",,"2023-09-21 19:25:09.000","2023-10-21 19:25:09.000","2023-09-21 19:33:02.000","2023-09-21 21:29:36.000","complete","active","1","Cartão de Crédito","visa",89.9,,,,
9565,"sub_1NhXxMCpjOdJI4gTBTMoNlzE","2023-08-21","2023-10-21","2023-09-21 10:15:44.000","2023-10-21 10:15:44.000","2023-09-21 10:18:37.000","2023-09-21 11:28:38.000","complete","active","1","Cartão de Crédito","visa",89.9,,,,
9439,"sub_1NhbuBCpjOdJI4gTOPYdpx4W","2023-08-21",,"2023-09-21 14:28:43.000","2023-10-21 14:28:43.000","2023-09-21 14:30:17.000","2023-09-21 15:37:24.000","complete","active","1","Cartão de Crédito","visa",89.9,,,,
9544,"sub_1NhynRCpjOdJI4gT4t90O8Lx","2023-08-22",,"2023-09-22 14:55:17.000","2023-10-22 14:55:17.000","2023-09-22 14:55:43.000","2023-09-29 10:22:58.000","open","active","1","Cartão de Crédito","visa",89.9,,,,
9612,"sub_1Nhz8eCpjOdJI4gTNHHvJ7Fs","2023-08-22",,"2023-09-22 15:17:12.000","2023-10-22 15:17:12.000","2023-09-22 15:22:03.000","2023-09-22 16:25:59.000","complete","active","1","Cartão de Crédito","mastercard",44.95,,,,
9900,"sub_1NhydTCpjOdJI4gTdNLBt3Dd","2023-08-22",,"2023-08-22 14:44:59.000","2024-08-22 14:44:59.000","2023-08-22 14:44:59.000","2023-08-22 14:45:01.000","complete","active","12","Cartão de Crédito","mastercard",838.8,,,,
9516,"sub_1Ni3f0CpjOdJI4gTkpwUbD7d","2023-08-22",,"2023-09-22 20:06:54.000","2023-10-22 20:06:54.000","2023-09-22 20:07:59.000","2023-09-22 21:08:15.000","complete","active","1","Cartão de Crédito","visa",89.9,,,,
9539,"sub_1NhxnjCpjOdJI4gT1aj9u3Mp","2023-08-22",,"2023-09-22 13:51:31.000","2023-10-22 13:51:31.000","2023-09-22 14:01:15.000","2023-09-22 15:23:20.000","complete","active","1","Cartão de Crédito","mastercard",89.9,,,,
9403,"sub_1Ni2L0CpjOdJI4gTOnDbH5DU","2023-08-22","2024-02-22","2023-08-22 18:42:10.000","2024-02-22 18:42:10.000","2023-08-22 18:42:10.000","2023-08-22 21:14:14.000","complete","active","6","Boleto",,479.4,,,,
9850,"sub_1NhzNwCpjOdJI4gTy352X2fP","2023-08-22",,"2023-09-22 15:33:00.000","2023-10-22 15:33:00.000","2023-09-22 15:43:15.000","2023-09-22 16:46:13.000","complete","active","1","Cartão de Crédito","mastercard",89.9,,,,
9798,"sub_1NiGTdCpjOdJI4gTXJDW41LC","2023-08-23",,"2023-09-23 09:48:01.000","2023-10-23 09:48:01.000","2023-09-23 09:52:16.000","2023-09-23 10:53:48.000","complete","active","1","Cartão de Crédito","visa",89.9,,,,
9930,"sub_1NiIHzCpjOdJI4gT8c47qFV9","2023-08-23",,"2023-09-23 11:44:07.000","2023-10-23 11:44:07.000","2023-09-23 11:47:25.000","2023-09-23 12:53:03.000","complete","active","1","Cartão de Crédito","mastercard",89.9,,,,
9730,"sub_1NiH0yCpjOdJI4gT2xfXpKzi","2023-08-23",,"2023-09-23 10:22:28.000","2023-10-23 10:22:28.000","2023-09-23 10:26:34.000","2023-09-23 11:26:40.000","complete","active","1","Cartão de Crédito","visa",89.9,,,,
9079,"sub_1NiGQFCpjOdJI4gTO4P2S5Kp","2023-08-23",,"2023-09-23 09:44:31.000","2023-10-23 09:44:31.000","2023-09-23 09:52:17.000","2023-09-23 10:53:50.000","complete","active","1","Cartão de Crédito","mastercard",89.9,,,,
9624,"sub_1NiLS5CpjOdJI4gTnIhhSs7f","2023-08-23",,"2023-08-23 15:06:45.000","2024-02-23 15:06:45.000","2023-08-23 15:06:45.000","2023-08-25 03:46:50.000","complete","active","6","Boleto",,479.4,,,,
9762,"sub_1NiH6qCpjOdJI4gT3fFlUqho","2023-08-23",,"2023-09-23 10:28:32.000","2023-10-23 10:28:32.000","2023-09-23 10:43:22.000","2023-09-23 11:49:36.000","complete","active","1","Cartão de Crédito","mastercard",89.9,,,,
9899,"sub_1NiIazCpjOdJI4gTreIhJM2Z","2023-08-23",,"2023-09-23 12:03:45.000","2023-10-23 12:03:45.000","2023-09-23 12:17:52.000","2023-09-23 13:20:30.000","complete","active","1","Cartão de Crédito","mastercard",79.9,,,,
9197,"sub_1NiNl9CpjOdJI4gTqkf5BysI","2023-08-23",,"2023-09-23 17:34:35.000","2023-10-23 17:34:35.000","2023-09-23 17:41:13.000","2023-10-11 16:43:31.000","open","active","1","Cartão de Crédito","visa",89.9,,,,
9368,"sub_1NiHm3CpjOdJI4gTH25zw7WY","2023-08-23",,"2023-09-23 11:11:07.000","2023-10-23 11:11:07.000","2023-09-23 11:11:21.000","2023-09-23 12:13:03.000","complete","active","1","Cartão de Crédito","visa",89.9,,,,
9954,"sub_1NiRxTCpjOdJI4gT5gC6PRUq","2023-08-23",,"2023-08-23 22:03:35.000","2024-08-23 22:03:35.000","2023-08-23 22:03:35.000","2023-08-25 11:12:45.000","complete","active","12","Boleto",,419.4,,"PREP50","dV87G5C6",
9929,"sub_1NiNU4CpjOdJI4gTIHmkCG7Y","2023-08-23",,"2023-09-23 17:16:56.000","2023-10-23 17:16:56.000","2023-09-23 17:17:26.000","2023-09-23 18:19:38.000","complete","active","1","Cartão de Crédito","visa",89.9,,,,
9358,"sub_1NiHHTCpjOdJI4gTNQgNKtKI","2023-08-23","2023-08-24","2023-08-23 10:39:31.000","2024-02-23 10:39:31.000","2023-08-23 10:39:31.000",,,,"6","Boleto",,479.4,,,,
9721,"sub_1Nid0sCpjOdJI4gTuJQj5T3c","2023-08-24",,"2023-09-24 09:51:50.000","2023-10-24 09:51:50.000","2023-09-24 09:52:49.000","2023-09-24 10:58:39.000","complete","active","1","Cartão de Crédito","mastercard",89.9,,,,
9691,"sub_1Nij31CpjOdJI4gTZzHYnBtu","2023-08-24",,"2023-09-24 16:18:26.000","2023-10-24 16:18:26.000","2023-09-24 16:28:05.000","2023-09-29 10:53:07.000","open","active","1","Cartão de Crédito","mastercard",89.9,,,,
9625,"sub_1NihkGCpjOdJI4gTQc7MfTqu","2023-08-24",,"2023-08-24 14:55:00.000","2024-02-24 14:55:00.000","2023-08-24 14:55:00.000","2023-08-24 16:15:56.000","complete","active","6","Boleto",,479.4,,,,
9990,"sub_1Niq9NCpjOdJI4gTlcWX7Jfj","2023-08-24",,"2023-09-24 23:53:29.000","2023-10-24 23:53:29.000","2023-09-24 23:57:54.000","2023-09-25 00:58:39.000","complete","active","1","Cartão de Crédito","mastercard",89.9,,,,
9186,"sub_1NijAmCpjOdJI4gTSEFYMRtj","2023-08-24","2023-10-24","2023-09-24 16:26:28.000","2023-10-24 16:26:28.000","2023-09-24 16:27:58.000","2023-09-24 17:34:49.000","complete","active","1","Cartão de Crédito","visa",89.9,,,,
9967,"sub_1Nigh3CpjOdJI4gTKTt88BmI","2023-08-24",,"2023-08-24 13:47:37.000","2024-08-24 13:47:37.000","2023-08-24 13:47:37.000","2023-08-24 13:47:49.000","complete","active","12","Cartão de Crédito","mastercard",838.8,,,,
9180,"sub_1Nifp1CpjOdJI4gToV0Jyp98","2023-08-24",,"2023-09-24 12:51:47.000","2023-10-24 12:51:47.000","2023-09-24 12:53:04.000","2023-09-24 13:53:16.000","complete","active","1","Cartão de Crédito","mastercard",89.9,,,,
9825,"sub_1Nj29VCpjOdJI4gTsWNO1Kzm","2023-08-25","2023-10-25","2023-09-25 12:42:25.000","2023-10-25 12:42:25.000","2023-09-25 12:46:50.000","2023-09-25 13:50:41.000","complete","active","1","Cartão de Crédito","visa",89.9,,,,
10022,"sub_1Nj8QpCpjOdJI4gTGER51AIW","2023-08-25","2023-08-31","2023-08-25 19:24:43.000","2023-09-25 19:24:43.000","2023-08-25 19:24:43.000",,"complete","canceled","1","Cartão de Crédito","mastercard",89.9,,,,
9600,"sub_1Nj3juCpjOdJI4gTIENxZuA4","2023-08-25",,"2023-09-25 14:24:06.000","2023-10-25 14:24:06.000","2023-09-25 14:25:15.000","2023-10-01 15:38:51.000","complete","active","1","Cartão de Crédito","visa",89.9,,,,
10002,"sub_1Nj0sUCpjOdJI4gTppSNz2Ph","2023-08-25","2023-09-05","2023-08-25 11:20:46.000","2023-09-25 11:20:46.000","2023-08-25 11:20:46.000",,"complete","canceled","1","Cartão de Crédito","mastercard",89.9,,,,
9944,"sub_1Nj2RvCpjOdJI4gTFmocQFqr","2023-08-25",,"2023-08-25 13:01:27.000","2024-02-25 13:01:27.000","2023-08-25 13:01:27.000","2023-08-29 05:18:31.000","complete","active","6","Boleto",,479.4,,,,
9964,"sub_1Nj2OSCpjOdJI4gThPkYin7V","2023-08-25",,"2023-08-25 12:57:52.000","2024-02-25 12:57:52.000","2023-08-25 12:57:52.000","2023-08-29 05:16:38.000","complete","active","6","Boleto",,479.4,,,,
9616,"sub_1Nj37vCpjOdJI4gTtHNnvopn","2023-08-25",,"2023-08-25 13:44:51.000","2024-02-25 13:44:51.000","2023-08-25 13:44:51.000","2023-08-29 05:18:27.000","complete","active","6","Boleto",,479.4,,,,
9950,"sub_1Nj3OvCpjOdJI4gTheuzNkGn","2023-08-25",,"2023-09-25 14:02:25.000","2023-10-25 14:02:25.000","2023-09-25 14:08:51.000","2023-09-25 15:11:51.000","complete","active","1","Cartão de Crédito","mastercard",89.9,,,,
10003,"sub_1NkAifCpjOdJI4gTpGSLTU87","2023-08-28",,"2023-09-28 16:03:25.000","2023-10-28 16:03:25.000","2023-09-28 16:06:09.000","2023-09-28 17:10:41.000","complete","active","1","Cartão de Crédito","mastercard",89.9,,,,
9404,"sub_1Nk6UiCpjOdJI4gTU56UjqeR","2023-08-28","2023-10-04","2023-09-28 11:32:44.000","2023-10-28 11:32:44.000","2023-09-28 11:33:31.000","2023-08-28 11:32:46.000","complete","canceled","1","Cartão de Crédito","mastercard",89.9,,,,
9837,"sub_1Nk43fCpjOdJI4gT5Qr9aGtc","2023-08-28",,"2023-08-28 08:56:39.000","2024-08-28 08:56:39.000","2023-08-28 08:56:40.000","2023-08-28 09:46:59.000","complete","active","12","Boleto",,838.8,,,,
10005,"sub_1Nk99eCpjOdJI4gTrRHH6OQ8","2023-08-28",,"2023-08-28 14:23:10.000","2024-02-28 14:23:10.000","2023-08-28 14:23:10.000","2023-08-30 04:23:00.000","complete","active","6","Boleto",,479.4,,,,
9892,"sub_1NkXy4CpjOdJI4gTgRew3isq","2023-08-29",,"2023-09-29 16:52:52.000","2023-10-29 16:52:52.000","2023-09-29 16:56:38.000","2023-09-29 17:57:26.000","complete","active","1","Cartão de Crédito","mastercard",89.9,,,,
10128,"sub_1NkYR6CpjOdJI4gTWgZ4D2BX","2023-08-29","2023-09-05","2023-08-29 17:22:52.000","2023-09-29 17:22:52.000","2023-08-29 17:22:52.000",,"complete","canceled","1","Cartão de Crédito","mastercard",89.9,,,,
9697,"sub_1NkbbGCpjOdJI4gTF9X0CJPF","2023-08-29",,"2023-09-29 20:45:34.000","2023-10-29 20:45:34.000","2023-09-29 20:48:53.000","2023-09-29 21:55:00.000","complete","active","1","Cartão de Crédito","visa",89.9,,,,
9978,"sub_1NkW7iCpjOdJI4gToKdMHtdU","2023-08-29",,"2023-09-29 14:54:42.000","2023-10-29 14:54:42.000","2023-09-29 14:55:42.000","2023-09-29 16:03:13.000","complete","active","1","Cartão de Crédito","mastercard",89.9,,,,
9981,"sub_1Nkv0zCpjOdJI4gTCoMxAJU7","2023-08-30",,"2023-09-30 17:29:25.000","2023-10-30 17:29:25.000","2023-09-30 17:32:04.000","2023-09-30 18:33:10.000","complete","active","1","Cartão de Crédito","mastercard",89.9,,,,
9692,"sub_1NkvQJCpjOdJI4gTww1ebTff","2023-08-30",,"2023-08-30 17:55:35.000","2024-08-30 17:55:35.000","2023-08-30 17:55:35.000","2023-08-30 17:55:38.000","complete","active","12","Cartão de Crédito","mastercard",587.16,,"ANUAL30","YqXjKdhe",
9947,"sub_1NksSxCpjOdJI4gT9LH9NPeD","2023-08-30",,"2023-09-30 14:46:07.000","2023-10-30 14:46:07.000","2023-09-30 14:48:29.000","2023-10-04 16:11:33.000","complete","active","1","Cartão de Crédito","mastercard",89.9,,,,
9952,"sub_1NkvdYCpjOdJI4gTB9RfeZ8y","2023-08-30",,"2023-09-30 18:09:16.000","2023-10-30 18:09:16.000","2023-09-30 18:14:51.000","2023-09-30 19:19:34.000","complete","active","1","Cartão de Crédito","visa",89.9,,,,
9933,"sub_1Nkq5JCpjOdJI4gTFQQbh2Oh","2023-08-30",,"2023-09-30 12:13:33.000","2023-10-30 12:13:33.000","2023-09-30 12:14:42.000","2023-09-30 13:15:27.000","complete","active","1","Cartão de Crédito","mastercard",89.9,,,,
10127,"sub_1NkmoTCpjOdJI4gT8mSpjtfN","2023-08-30",,"2023-08-30 08:43:57.000","2024-08-30 08:43:57.000","2023-08-30 08:43:57.000","2023-08-30 11:14:44.000","open","active","12","Boleto",,629.1,,"clearcorrect12","0VmtjmCf",
9963,"sub_1Nkpc0CpjOdJI4gT0q9Y3CDN","2023-08-30","2023-10-06","2023-09-30 11:43:16.000","2023-10-30 11:43:16.000","2023-09-30 11:46:30.000","2023-08-30 11:43:18.000","complete","canceled","1","Cartão de Crédito","visa",89.9,,,,
9132,"sub_1NkvEYCpjOdJI4gTB3ZezpP2","2023-08-30",,"2023-09-30 17:43:26.000","2023-10-30 17:43:26.000","2023-09-30 17:44:41.000","2023-09-30 18:48:42.000","complete","active","1","Cartão de Crédito","visa",89.9,,,,
9824,"sub_1NlGDJCpjOdJI4gT0S9k0SOK","2023-08-31",,"2023-08-31 16:07:33.000","2024-08-31 16:07:33.000","2023-08-31 16:07:33.000","2023-09-02 04:01:56.000","complete","active","12","Boleto",,587.16,,"ANUAL30","YqXjKdhe",
9905,"sub_1NlHPuCpjOdJI4gTCM9sO9ol","2023-08-31",,"2023-08-31 17:24:38.000","2024-08-31 17:24:38.000","2023-08-31 17:24:38.000","2023-08-31 17:24:41.000","complete","active","12","Cartão de Crédito","visa",587.16,,"ANUAL30","YqXjKdhe",
9894,"sub_1NlHaeCpjOdJI4gTLXaGN4ZR","2023-08-31",,"2023-09-30 17:35:44.000","2023-10-31 17:35:44.000","2023-09-30 17:36:17.000","2023-09-30 18:37:30.000","complete","active","1","Cartão de Crédito","mastercard",89.9,,,,
10192,"sub_1NlJMUCpjOdJI4gTvdJFsT9t","2023-08-31","2023-09-05","2023-08-31 19:29:14.000","2024-08-31 19:29:14.000","2023-08-31 19:29:14.000","2023-08-31 20:42:08.000","complete","canceled","12","Boleto",,587.16,,,"YqXjKdhe",
10184,"sub_1Nlat7CpjOdJI4gTAYbUKfLl","2023-09-01",,"2023-10-01 14:12:05.000","2023-11-01 14:12:05.000","2023-10-01 14:13:55.000","2023-10-01 15:14:30.000","complete","active","1","Cartão de Crédito","visa",89.9,,,,
9997,"sub_1NlbdaCpjOdJI4gT6B1VMvhj","2023-09-01",,"2023-09-01 15:00:06.000","2024-09-01 15:00:06.000","2023-09-01 15:00:06.000","2023-09-01 16:10:51.000","complete","active","12","Boleto",,587.16,,"ANUAL30","YqXjKdhe",
9843,"sub_1NlgHNCpjOdJI4gTQPc3Lnra","2023-09-01",,"2023-10-01 19:57:29.000","2023-11-01 19:57:29.000","2023-10-01 19:58:39.000","2023-10-01 21:03:42.000","complete","active","1","Cartão de Crédito","visa",89.9,,,,
9034,"sub_1NlW5sCpjOdJI4gTN74i3rLt","2023-09-01",,"2023-10-01 09:04:56.000","2023-11-01 09:04:56.000","2023-10-01 09:08:10.000","2023-10-01 10:09:50.000","complete","active","1","Cartão de Crédito","visa",89.9,,,,
9975,"sub_1NlZ1mCpjOdJI4gTLQhrV2N1","2023-09-01",,"2023-09-01 12:12:54.000","2024-09-01 12:12:54.000","2023-09-01 12:12:54.000","2023-09-01 13:13:10.000","complete","active","12","Cartão de Crédito","visa",838.8,,,,
9935,"sub_1NlYTSCpjOdJI4gTiZRbOo5T","2023-09-01","2023-11-01","2023-10-01 11:37:26.000","2023-11-01 11:37:26.000","2023-10-01 11:40:17.000","2023-10-01 12:41:50.000","complete","active","1","Cartão de Crédito","mastercard",89.9,,,,
10138,"sub_1NldjgCpjOdJI4gTSfoRc0KX","2023-09-01",,"2023-10-01 17:14:32.000","2023-11-01 17:14:32.000","2023-10-01 17:18:21.000","2023-10-02 08:57:13.000","complete","active","1","Cartão de Crédito","mastercard",89.9,,,,
10157,"sub_1NlVcECpjOdJI4gTeIZhHGDy","2023-09-01",,"2023-10-01 08:34:18.000","2023-11-01 08:34:18.000","2023-10-01 08:38:41.000","2023-10-01 09:39:26.000","complete","active","1","Cartão de Crédito","mastercard",62.93,,,,
10241,"sub_1NlwqzCpjOdJI4gTWrPn33l4","2023-09-02",,"2023-10-02 13:39:21.000","2023-11-02 13:39:21.000","2023-10-02 13:40:14.000","2023-10-02 14:41:07.000","complete","active","1","Cartão de Crédito","visa",89.9,,,,
10091,"sub_1Nlw5LCpjOdJI4gTKcSJltLb","2023-09-02",,"2023-10-02 12:50:07.000","2023-11-02 12:50:07.000","2023-10-02 12:51:16.000","2023-10-02 13:52:14.000","complete","active","1","Cartão de Crédito","mastercard",89.9,,,,
9552,"sub_1Nlu33CpjOdJI4gTU39eivqG","2023-09-02",,"2023-10-02 10:39:37.000","2023-11-02 10:39:37.000","2023-10-02 10:40:30.000","2023-10-02 11:43:29.000","complete","active","1","Cartão de Crédito","mastercard",89.9,,,,
10063,"sub_1NmgI5CpjOdJI4gTIHnPGbtv","2023-09-04",,"2023-10-04 14:10:21.000","2023-11-04 14:10:21.000","2023-10-04 14:16:21.000","2023-10-04 15:23:15.000","complete","active","1","Cartão de Crédito","mastercard",89.9,,,,
10291,"sub_1NmhuoCpjOdJI4gTTKEUVlyW","2023-09-04",,"2023-10-04 15:54:26.000","2023-11-04 15:54:26.000","2023-10-04 15:57:53.000","2023-10-04 17:03:19.000","complete","active","1","Cartão de Crédito","visa",89.9,,,,
10190,"sub_1NmdjsCpjOdJI4gTWYU0HDLW","2023-09-04",,"2023-10-04 11:26:52.000","2023-11-04 11:26:52.000","2023-10-04 11:30:05.000","2023-10-04 12:32:56.000","complete","active","1","Cartão de Crédito","visa",89.9,,,,
10122,"sub_1NmiZHCpjOdJI4gTQZAR63Zj","2023-09-04",,"2023-10-04 16:36:15.000","2023-11-04 16:36:15.000","2023-10-04 16:43:21.000","2023-10-10 17:22:53.000","complete","active","1","Cartão de Crédito","visa",89.9,,,,
10020,"sub_1NmjMeCpjOdJI4gTcsJbCvta","2023-09-04",,"2023-09-04 17:27:15.000","2024-03-04 17:27:15.000","2023-09-04 17:27:16.000","2023-09-05 11:04:23.000","open","active","6","Boleto",,479.4,,,,
10104,"sub_1NmcfBCpjOdJI4gT1V1MMZWs","2023-09-04",,"2023-10-04 10:17:57.000","2023-11-04 10:17:57.000","2023-10-04 10:35:11.000","2023-10-04 11:38:45.000","complete","active","1","Cartão de Crédito","mastercard",89.9,,,,
10292,"sub_1NmiMzCpjOdJI4gTB7lKBCLY","2023-09-04",,"2023-10-04 16:23:33.000","2023-11-04 16:23:33.000","2023-10-04 16:28:46.000","2023-10-07 17:42:00.000","complete","active","1","Cartão de Crédito","mastercard",89.9,,,,
10102,"sub_1NmihdCpjOdJI4gTDaGCOg9Z","2023-09-04",,"2023-09-04 16:44:53.000","2024-03-04 16:44:53.000","2023-09-04 16:44:53.000","2023-09-04 16:44:55.000","complete","active","6","Cartão de Crédito","mastercard",479.4,,,,
9901,"sub_1NmgVNCpjOdJI4gTp5CwedkF","2023-09-04",,"2023-10-04 14:24:05.000","2023-11-04 14:24:05.000","2023-10-04 14:28:43.000","2023-10-04 15:32:09.000","complete","active","1","Cartão de Crédito","mastercard",89.9,,,,
10288,"sub_1NmymqCpjOdJI4gTBT9vExpN","2023-09-05",,"2023-10-05 09:55:20.000","2023-11-05 09:55:20.000","2023-10-05 09:57:08.000","2023-10-05 12:12:30.000","complete","active","1","Cartão de Crédito","mastercard",89.9,,,,
10301,"sub_1NmyucCpjOdJI4gTAnNZcync","2023-09-05","2023-10-05","2023-10-05 10:03:22.000","2023-11-05 10:03:22.000","2023-10-05 10:10:37.000",,"complete","canceled","1","Cartão de Crédito","mastercard",89.9,,,,
10123,"sub_1NmxP9CpjOdJI4gTyHlTSdHh","2023-09-05",,"2023-09-05 08:26:47.000","2024-03-05 08:26:47.000","2023-09-05 08:26:47.000","2023-09-06 05:55:44.000","complete","active","6","Boleto",,479.4,,,,
10265,"sub_1Nn6N6CpjOdJI4gTFA3TF2vb","2023-09-05",,"2023-09-05 18:01:16.000","2024-09-05 18:01:16.000","2023-09-05 18:01:16.000","2023-09-05 19:42:09.000","complete","active","12","Boleto",,587.16,,"ANUAL30","YqXjKdhe",
10174,"sub_1Nn8pSCpjOdJI4gTr6V5flaz","2023-09-05",,"2023-10-05 20:38:42.000","2023-11-05 20:38:42.000","2023-10-05 20:41:02.000","2023-10-07 03:57:28.000","complete","active","1","Cartão de Crédito","mastercard",89.9,,,,
10233,"sub_1Nn5UtCpjOdJI4gTsrb5AXaA","2023-09-05",,"2023-09-05 17:05:15.000","2024-03-05 17:05:15.000","2023-09-05 17:05:15.000","2023-09-05 17:43:35.000","complete","active","6","Boleto",,479.4,,,,
10204,"sub_1NmzLZCpjOdJI4gTUQnyzmDD","2023-09-05",,"2023-09-05 10:31:13.000","2024-03-05 10:31:13.000","2023-09-05 10:31:13.000","2023-09-05 10:31:29.000","complete","active","6","Cartão de Crédito","mastercard",335.58,,"CAPIM30","oUu4Feil",
9242,"sub_1Nn4IVCpjOdJI4gTZ4rRSrEH","2023-09-05","2023-10-11","2023-10-05 15:48:23.000","2023-11-05 15:48:23.000","2023-10-05 16:00:42.000","2023-09-05 15:48:26.000","complete","canceled","1","Cartão de Crédito","mastercard",89.9,,,,
10076,"sub_1Nn2ymCpjOdJI4gTqtQuzny6","2023-09-05",,"2023-09-05 14:23:56.000","2024-03-05 14:23:56.000","2023-09-05 14:23:56.000","2023-09-07 04:45:06.000","complete","active","6","Boleto",,479.4,,,,
10115,"sub_1NnNCcCpjOdJI4gTt3YYAgjH","2023-09-06",,"2023-09-06 11:59:34.000","2024-09-06 11:59:34.000","2023-09-06 11:59:34.000","2023-09-06 19:45:08.000","complete","active","12","Boleto",,587.16,,"ANUAL30","YqXjKdhe",
9989,"sub_1NnMOZCpjOdJI4gTS2Z7QaGE","2023-09-06",,"2023-10-06 11:07:51.000","2023-11-06 11:07:51.000","2023-10-06 11:15:00.000","2023-10-06 12:16:18.000","complete","active","1","Cartão de Crédito","mastercard",89.9,,,,
10325,"sub_1NnN6dCpjOdJI4gTn3DURNAG","2023-09-06",,"2023-09-06 11:53:23.000","2024-09-06 11:53:23.000","2023-09-06 11:53:23.000","2023-09-06 11:53:26.000","complete","active","12","Cartão de Crédito","visa",587.16,,"ANUAL30","YqXjKdhe",
10305,"sub_1NnO8LCpjOdJI4gTYxC4XHxS","2023-09-06",,"2023-10-06 12:59:13.000","2023-11-06 12:59:13.000","2023-10-06 13:15:08.000","2023-10-06 14:27:42.000","complete","active","1","Cartão de Crédito","mastercard",62.93,,,,
10030,"sub_1NnSbKCpjOdJI4gT99rVIdid","2023-09-06",,"2023-09-06 17:45:26.000","2024-09-06 17:45:26.000","2023-09-06 17:45:26.000","2023-09-06 17:45:50.000","complete","active","12","Cartão de Crédito","mastercard",587.16,,"ANUAL30","YqXjKdhe",
9588,"sub_1NnhilCpjOdJI4gTdTD9G0Mh","2023-09-07",,"2023-10-07 09:54:07.000","2023-11-07 09:54:07.000","2023-10-07 10:01:11.000","2023-10-07 11:09:14.000","complete","active","1","Cartão de Crédito","mastercard",89.9,,,,
10338,"sub_1Nnie0CpjOdJI4gTTT6f8wXY","2023-09-07",,"2023-09-07 10:53:16.000","2024-09-07 10:53:16.000","2023-09-07 10:53:16.000","2023-09-09 05:11:40.000","complete","active","12","Boleto",,587.16,,"ANUAL30","YqXjKdhe",
10392,"sub_1No8YACpjOdJI4gTNp2G4Z1w","2023-09-08","2023-10-14","2023-10-08 14:32:58.000","2023-11-08 14:32:58.000","2023-10-08 14:44:22.000","2023-09-08 14:33:01.000","complete","canceled","1","Cartão de Crédito","mastercard",89.9,,,,
10297,"sub_1No3NPCpjOdJI4gTajDZT0v8","2023-09-08",,"2023-10-08 09:01:31.000","2023-11-08 09:01:31.000","2023-10-08 09:04:34.000","2023-10-08 10:10:13.000","complete","active","1","Cartão de Crédito","mastercard",62.93,,,,
10092,"sub_1NoBFJCpjOdJI4gTttBdygwe","2023-09-08",,"2023-10-08 17:25:41.000","2023-11-08 17:25:41.000","2023-10-08 17:38:06.000","2023-10-08 18:40:17.000","complete","active","1","Cartão de Crédito","visa",89.9,,,,
10425,"sub_1No5tZCpjOdJI4gTfGVcsLMk","2023-09-08",,"2023-10-08 11:42:53.000","2023-11-08 11:42:53.000","2023-10-08 11:47:08.000","2023-10-08 12:49:50.000","complete","active","1","Cartão de Crédito","mastercard",89.9,,,,
9945,"sub_1NpG7YCpjOdJI4gTovOR8mq3","2023-09-11","2023-10-17","2023-10-11 16:50:07.000","2023-11-11 16:50:07.000","2023-10-11 16:55:47.000","2023-09-11 16:50:11.000","complete","canceled","1","Cartão de Crédito","visa",89.9,,,,
10353,"sub_1NpFL4CpjOdJI4gT0XiQviRW","2023-09-11","2023-10-09","2023-09-11 16:00:02.000","2024-03-11 16:00:02.000","2023-09-11 16:00:03.000","2023-09-11 17:12:58.000","complete","canceled","6","Boleto",,479.4,,,,
10271,"sub_1NpGmzCpjOdJI4gTNYVGX1uu","2023-09-11",,"2023-10-11 17:32:57.000","2023-11-11 17:32:57.000","2023-10-11 17:35:14.000","2023-10-11 18:36:49.000","complete","active","1","Cartão de Crédito","mastercard",89.9,,,,
10212,"sub_1NpFqrCpjOdJI4gT6HjCPlm6","2023-09-11",,"2023-09-11 16:32:53.000","2024-09-11 16:32:53.000","2023-09-11 16:32:53.000","2023-09-13 05:02:18.000","complete","active","12","Boleto",,587.16,,"ANUAL30","YqXjKdhe",
9623,"sub_1NpGXKCpjOdJI4gT0Y1qNmuF","2023-09-11",,"2023-09-11 17:16:46.000","2024-03-11 17:16:46.000","2023-09-11 17:16:46.000","2023-09-15 17:03:35.000","complete","active","6","Boleto",,479.4,,,,
10298,"sub_1NpBrWCpjOdJI4gTQF02XstA","2023-09-11",,"2023-10-11 12:17:18.000","2023-11-11 12:17:18.000","2023-10-11 12:26:11.000","2023-10-11 13:30:28.000","complete","active","1","Cartão de Crédito","mastercard",89.9,,,,
10306,"sub_1NpYvxCpjOdJI4gTY10EyNdV","2023-09-12",,"2023-10-12 12:55:25.000","2023-11-12 12:55:25.000","2023-10-12 12:57:42.000","2023-10-13 10:02:37.000","complete","active","1","Cartão de Crédito","mastercard",89.9,,,,
9727,"sub_1NpbWGCpjOdJI4gTy5yvs0f2","2023-09-12",,"2023-10-12 15:41:04.000","2023-11-12 15:41:04.000","2023-10-12 15:51:14.000","2023-10-12 16:58:45.000","complete","active","1","Cartão de Crédito","visa",89.9,,,,
10348,"sub_1NpcDSCpjOdJI4gTXB7Rq6LD","2023-09-12","2023-10-18","2023-10-12 16:25:42.000","2023-11-12 16:25:42.000","2023-10-12 16:38:41.000","2023-09-12 16:25:44.000","complete","canceled","1","Cartão de Crédito","mastercard",89.9,,,,
10519,"sub_1NpXe6CpjOdJI4gThDNQv8XD","2023-09-12",,"2023-10-12 11:32:54.000","2023-11-12 11:32:54.000","2023-10-12 11:38:09.000","2023-10-12 12:39:09.000","complete","active","1","Cartão de Crédito","visa",89.9,,,,
10360,"sub_1NpfcrCpjOdJI4gTv6njrPtL","2023-09-12",,"2023-10-12 20:04:09.000","2023-11-12 20:04:09.000","2023-10-12 20:13:49.000","2023-10-12 21:33:59.000","complete","active","1","Cartão de Crédito","mastercard",89.9,,,,
10518,"sub_1NpdDzCpjOdJI4gT8EXB189d","2023-09-12",,"2023-09-12 17:30:19.000","2024-09-12 17:30:19.000","2023-09-12 17:30:19.000","2023-09-14 04:50:54.000","complete","active","12","Boleto",,587.16,,"ANUAL30","YqXjKdhe",
10021,"sub_1NpauUCpjOdJI4gTEsOEUXTT","2023-09-12","2023-11-12","2023-10-12 15:02:02.000","2023-11-12 15:02:02.000","2023-10-12 15:19:23.000","2023-10-12 16:29:19.000","complete","active","1","Cartão de Crédito","visa",89.9,,,,
10302,"sub_1NpVvwCpjOdJI4gTvzFrF08h","2023-09-12",,"2023-10-12 09:43:12.000","2023-11-12 09:43:12.000","2023-10-12 09:44:16.000","2023-10-12 10:47:48.000","complete","active","1","Cartão de Crédito","visa",89.9,,,,
10250,"sub_1NpzN0CpjOdJI4gTAOgBojc5","2023-09-13",,"2023-09-13 17:09:06.000","2024-09-13 17:09:06.000","2023-09-13 17:09:06.000","2023-09-13 17:09:09.000","complete","active","12","Cartão de Crédito","mastercard",587.16,,"ANUAL30","YqXjKdhe",
9766,"sub_1Npt5NCpjOdJI4gTA3YVFnlF","2023-09-13",,"2023-09-13 10:26:29.000","2024-03-13 10:26:29.000","2023-09-13 10:26:29.000","2023-09-13 11:28:01.000","complete","active","6","Boleto",,383.52,,"SEMESTRAL20","TyuEUep5",
10463,"sub_1NpxBkCpjOdJI4gTv72M5BAd","2023-09-13",,"2023-09-13 14:49:20.000","2024-03-13 14:49:20.000","2023-09-13 14:49:20.000","2023-09-13 14:49:23.000","complete","active","6","Cartão de Crédito","mastercard",383.52,,"SEMESTRAL20","TyuEUep5",
10569,"sub_1Npyg2CpjOdJI4gTHjz0B9Mb","2023-09-13",,"2023-10-13 16:24:42.000","2023-11-13 16:24:42.000","2023-10-13 16:42:28.000","2023-10-13 17:50:31.000","complete","active","1","Cartão de Crédito","visa",89.9,,,,
10488,"sub_1NpzxZCpjOdJI4gTK15hkksu","2023-09-13",,"2023-09-13 17:46:53.000","2024-09-13 17:46:53.000","2023-09-13 17:46:53.000","2023-09-13 20:22:55.000","complete","active","12","Boleto",,838.8,,,,
10499,"sub_1NpxCQCpjOdJI4gTYHcsdkDq","2023-09-13",,"2023-09-13 14:50:02.000","2024-09-13 14:50:02.000","2023-09-13 14:50:02.000","2023-09-13 17:13:02.000","complete","active","12","Boleto",,587.16,,"ANUAL30","YqXjKdhe",
10383,"sub_1NpxLVCpjOdJI4gTZUhX1P7r","2023-09-13",,"2023-10-13 14:59:25.000","2023-11-13 14:59:25.000","2023-10-13 15:00:11.000","2023-10-13 16:03:13.000","complete","active","1","Cartão de Crédito","mastercard",44.95,,,,
10543,"sub_1NpwnYCpjOdJI4gTUmpNWbr9","2023-09-13",,"2023-10-13 14:24:20.000","2023-11-13 14:24:20.000","2023-10-13 14:59:52.000","2023-10-13 16:03:00.000","complete","active","1","Cartão de Crédito","mastercard",89.9,,,,
10603,"sub_1NptmACpjOdJI4gTeqMEnmJz","2023-09-13",,"2023-10-13 11:10:42.000","2023-11-13 11:10:42.000","2023-10-13 11:13:53.000","2023-10-13 12:19:56.000","complete","active","1","Cartão de Crédito","mastercard",89.9,,,,
10119,"sub_1NpzrECpjOdJI4gT5kGozVwE","2023-09-13",,"2023-09-13 17:40:20.000","2024-09-13 17:40:20.000","2023-09-13 17:40:20.000","2023-09-18 14:35:18.000","complete","active","12","Boleto",,587.16,,"ANUAL30","YqXjKdhe",
10523,"sub_1NpyXaCpjOdJI4gTeU4PAopF","2023-09-13",,"2023-09-13 16:15:58.000","2024-03-13 16:15:58.000","2023-09-13 16:15:58.000","2023-09-13 16:16:00.000","complete","active","6","Cartão de Crédito","mastercard",383.52,,"SEMESTRAL20","TyuEUep5",
10359,"sub_1NqFExCpjOdJI4gTxXhVMdX5","2023-09-14",,"2023-10-14 10:05:51.000","2023-11-14 10:05:51.000","2023-10-14 10:09:21.000","2023-10-14 11:14:08.000","complete","active","1","Cartão de Crédito","mastercard",89.9,,,,
10526,"sub_1NqFWJCpjOdJI4gThIrsXzNS","2023-09-14",,"2023-10-14 10:23:47.000","2023-11-14 10:23:47.000","2023-10-14 10:24:53.000","2023-10-17 11:41:22.000","complete","active","1","Cartão de Crédito","visa",89.9,,,,
10370,"sub_1NqPelCpjOdJI4gT1ILlJS5Y","2023-09-14",,"2023-10-14 21:13:11.000","2023-11-14 21:13:11.000","2023-10-14 21:18:05.000","2023-10-16 16:32:25.000","open","active","1","Cartão de Crédito","mastercard",89.9,,,,
10087,"sub_1NqKliCpjOdJI4gTB2EDHCc6","2023-09-14",,"2023-10-14 16:00:02.000","2023-11-14 16:00:02.000","2023-10-14 16:00:23.000","2023-10-14 17:03:30.000","complete","active","1","Cartão de Crédito","visa",89.9,,,,
10572,"sub_1NqJePCpjOdJI4gT95vpgOSv","2023-09-14",,"2023-10-14 14:48:25.000","2023-11-14 14:48:25.000","2023-10-14 14:50:00.000","2023-10-17 15:51:14.000","complete","active","1","Cartão de Crédito","mastercard",89.9,,,,
10655,"sub_1NqIxJCpjOdJI4gTChLCdBtJ","2023-09-14",,"2023-10-14 14:03:53.000","2023-11-14 14:03:53.000","2023-10-14 14:14:54.000","2023-10-14 15:18:42.000","complete","active","1","Cartão de Crédito","mastercard",89.9,,,,
10483,"sub_1NqKu9CpjOdJI4gTcVR47lY5","2023-09-14",,"2023-10-14 16:08:45.000","2023-11-14 16:08:45.000","2023-10-14 16:13:23.000","2023-10-14 17:14:54.000","complete","active","1","Cartão de Crédito","mastercard",89.9,,,,
10567,"sub_1NqLHRCpjOdJI4gTse0ackvT","2023-09-14",,"2023-10-14 16:32:49.000","2023-11-14 16:32:49.000","2023-10-14 16:43:14.000","2023-10-14 17:48:10.000","complete","active","1","Cartão de Crédito","mastercard",89.9,,,,
10570,"sub_1NqM4PCpjOdJI4gTMuCZCfNS","2023-09-14",,"2023-10-14 17:23:25.000","2023-11-14 17:23:25.000","2023-10-14 17:23:32.000","2023-10-14 18:27:57.000","complete","active","1","Cartão de Crédito","visa",89.9,,,,
10580,"sub_1NqKrLCpjOdJI4gT1D4rK0PW","2023-09-14",,"2023-10-14 16:05:51.000","2023-11-14 16:05:51.000","2023-10-14 16:10:17.000","2023-10-17 17:18:05.000","complete","active","1","Cartão de Crédito","visa",89.9,,,,
10264,"sub_1NqFJKCpjOdJI4gTjc43WEkd","2023-09-14",,"2023-10-14 10:10:22.000","2023-11-14 10:10:22.000","2023-10-14 10:14:19.000","2023-10-14 11:24:35.000","complete","active","1","Cartão de Crédito","mastercard",62.93,,,,
10679,"sub_1NqbsoCpjOdJI4gTqECy808B","2023-09-15",,"2023-10-15 10:16:30.000","2023-11-15 10:16:30.000","2023-10-15 10:20:37.000","2023-10-15 11:24:13.000","complete","active","1","Cartão de Crédito","mastercard",89.9,,,,
10185,"sub_1NqiDoCpjOdJI4gT3vgxWNqy","2023-09-15",,"2023-10-15 17:02:36.000","2023-11-15 17:02:36.000","2023-10-15 17:37:01.000","2023-10-15 18:46:02.000","complete","active","1","Cartão de Crédito","mastercard",89.9,,,,
10358,"sub_1NqeJPCpjOdJI4gTddvsJNzn","2023-09-15","2023-10-18","2023-10-15 12:52:07.000","2023-11-15 12:52:07.000","2023-10-15 13:01:28.000",,,,"1","Cartão de Crédito","mastercard",89.9,,,,
9259,"sub_1Nqdo0CpjOdJI4gT0YfXRZm1","2023-09-15",,"2023-10-15 12:19:40.000","2023-11-15 12:19:40.000","2023-10-15 12:30:22.000","2023-09-15 12:20:31.000","complete","past_due","1","Cartão de Crédito","mastercard",89.9,,,,
10602,"sub_1NqiWcCpjOdJI4gTKDdYNIN2","2023-09-15",,"2023-10-15 17:22:02.000","2023-11-15 17:22:02.000","2023-10-15 18:01:27.000","2023-10-15 19:10:29.000","complete","active","1","Cartão de Crédito","mastercard",89.9,,,,
10319,"sub_1Nqj7CCpjOdJI4gTCKycn46E","2023-09-15",,"2023-10-15 17:59:50.000","2023-11-15 17:59:50.000","2023-10-15 18:01:36.000","2023-09-15 17:59:52.000","complete","past_due","1","Cartão de Crédito","mastercard",89.9,,,,
9940,"sub_1NqcOJCpjOdJI4gTxoRWE20N","2023-09-15",,"2023-09-15 10:49:03.000","2024-03-15 10:49:03.000","2023-09-15 10:49:03.000","2023-09-15 11:34:59.000","complete","active","6","Boleto",,335.58,,"CAPIM30","oUu4Feil",
10727,"sub_1NqxS9CpjOdJI4gT0dQnk7Cv","2023-09-16",,"2023-10-16 09:18:25.000","2023-11-16 09:18:25.000","2023-10-16 09:23:00.000","2023-10-16 19:46:30.000","complete","active","1","Cartão de Crédito","visa",89.9,,,,
10454,"sub_1Nqx21CpjOdJI4gTwIpjzbEF","2023-09-16",,"2023-10-16 08:51:25.000","2023-11-16 08:51:25.000","2023-10-16 08:55:58.000","2023-10-16 09:59:26.000","complete","active","1","Cartão de Crédito","visa",89.9,,,,
10449,"sub_1NqxWlCpjOdJI4gTwqtewXND","2023-09-16",,"2023-10-16 09:23:11.000","2023-11-16 09:23:11.000","2023-10-16 09:26:29.000","2023-09-16 09:23:13.000","complete","past_due","1","Cartão de Crédito","mastercard",89.9,,,,
10455,"sub_1NqydRCpjOdJI4gTCibRmhlQ","2023-09-16",,"2023-09-16 10:34:09.000","2024-09-16 10:34:09.000","2023-09-16 10:34:09.000","2023-09-16 10:34:12.000","complete","active","12","Cartão de Crédito","visa",838.8,,,,
10469,"sub_1NrVsaCpjOdJI4gTxpO3qNuC","2023-09-17",,"2023-10-17 22:04:00.000","2023-11-17 22:04:00.000","2023-10-17 22:08:21.000","2023-09-17 22:04:03.000","complete","past_due","1","Cartão de Crédito","mastercard",89.9,,,,
10289,"sub_1NrWxzCpjOdJI4gTv3im58sY","2023-09-17",,"2023-10-17 23:13:39.000","2023-11-17 23:13:39.000","2023-10-17 23:14:44.000","2023-10-18 00:19:24.000","complete","active","1","Cartão de Crédito","mastercard",89.9,,,,
10776,"sub_1NrVUMCpjOdJI4gT3JzCyGUy","2023-09-17",,"2023-09-17 21:38:58.000","2024-09-17 21:38:58.000","2023-09-17 21:38:58.000","2023-09-17 21:39:00.000","complete","active","12","Cartão de Crédito","visa",838.8,,,,
10825,"sub_1Nrnh2CpjOdJI4gT1c35LYb2","2023-09-18",,"2023-10-18 17:05:16.000","2023-11-18 17:05:16.000","2023-10-18 17:23:07.000","2023-10-18 18:31:22.000","complete","active","1","Cartão de Crédito","mastercard",89.9,,,,
10711,"sub_1NrgdfCpjOdJI4gTlidmZkWY","2023-09-18",,"2023-10-18 09:33:19.000","2023-11-18 09:33:19.000","2023-10-18 09:37:21.000","2023-10-18 10:38:03.000","complete","active","1","Cartão de Crédito","mastercard",89.9,,,,
10808,"sub_1Nrl9UCpjOdJI4gT37Z6rcZe","2023-09-18",,"2023-10-18 14:22:28.000","2023-11-18 14:22:28.000","2023-10-18 14:31:28.000","2023-10-18 15:33:10.000","complete","active","1","Cartão de Crédito","mastercard",89.9,,,,
10647,"sub_1NrhzFCpjOdJI4gThzgBYx78","2023-09-18",,"2023-09-18 10:59:41.000","2024-03-18 10:59:41.000","2023-09-18 10:59:41.000","2023-09-18 14:42:45.000","complete","active","6","Boleto",,479.4,,,,
10424,"sub_1Nrl0zCpjOdJI4gThMGMTjve","2023-09-18",,"2023-09-18 14:13:41.000","2024-03-18 14:13:41.000","2023-09-18 14:13:41.000","2023-09-18 14:51:06.000","open","active","6","Boleto",,479.4,,,,
10516,"sub_1Nri96CpjOdJI4gTc0SnWdxG","2023-09-18",,"2023-10-18 11:09:52.000","2023-11-18 11:09:52.000","2023-10-18 11:11:47.000","2023-10-18 12:12:39.000","complete","active","1","Cartão de Crédito","mastercard",89.9,,,,
10606,"sub_1NrldKCpjOdJI4gTlqAk2u7U","2023-09-18",,"2023-10-18 14:53:18.000","2023-11-18 14:53:18.000","2023-10-18 15:01:34.000","2023-10-18 16:07:12.000","complete","active","1","Cartão de Crédito","mastercard",89.9,,,,
10432,"sub_1NrlPxCpjOdJI4gT4cC8j7vE","2023-09-18",,"2023-10-18 14:39:29.000","2023-11-18 14:39:29.000","2023-10-18 14:44:04.000","2023-09-18 14:39:32.000","complete","past_due","1","Cartão de Crédito","mastercard",89.9,,,,
10164,"sub_1NrnYsCpjOdJI4gTvcBCxOHh","2023-09-18",,"2023-10-18 16:56:50.000","2023-11-18 16:56:50.000","2023-10-18 17:05:00.000","2023-10-18 18:06:47.000","complete","active","1","Cartão de Crédito","mastercard",89.9,,,,
10654,"sub_1Ns7uWCpjOdJI4gTTpi9K5qj","2023-09-19",,"2023-10-19 14:40:32.000","2023-11-19 14:40:32.000","2023-10-19 14:45:10.000","2023-10-19 15:48:30.000","complete","active","1","Cartão de Crédito","mastercard",89.9,,,,
10702,"sub_1Ns7DfCpjOdJI4gTBb0n1Oub","2023-09-19",,"2023-10-19 13:56:15.000","2023-11-19 13:56:15.000","2023-10-19 14:17:48.000","2023-10-19 15:24:06.000","complete","active","1","Cartão de Crédito","visa",89.9,,,,
10888,"sub_1NsTvhCpjOdJI4gTeBYavLCX","2023-09-20",,"2023-09-20 14:11:13.000","2024-03-20 14:11:13.000","2023-09-20 14:11:13.000","2023-09-20 15:11:40.000","complete","active","6","Boleto",,479.4,,,,
10645,"sub_1NsUKvCpjOdJI4gTgd11ByZk","2023-09-20",,"2023-09-20 14:37:17.000","2024-09-20 14:37:17.000","2023-09-20 14:37:17.000","2023-09-20 14:37:19.000","complete","active","12","Cartão de Crédito","mastercard",587.16,,"CAPIM30","oUu4Feil",
10878,"sub_1NsbJ1CpjOdJI4gT5cb3Otkn","2023-09-20",,"2023-09-20 22:03:47.000","2024-09-20 22:03:47.000","2023-09-20 22:03:47.000","2023-09-20 22:03:49.000","complete","active","12","Cartão de Crédito","visa",587.16,,"ANUAL30","YqXjKdhe",
9442,"sub_1NsWWxCpjOdJI4gTtSXgTNSM","2023-09-20",,"2023-09-20 16:57:51.000","2023-10-20 16:57:51.000","2023-09-20 16:57:51.000","2023-09-26 14:12:57.000","open","active","1","Cartão de Crédito","visa",89.9,,,,
10222,"sub_1NscGFCpjOdJI4gT2pVC6eaz","2023-09-20",,"2023-09-20 23:04:59.000","2023-10-20 23:04:59.000","2023-09-20 23:04:59.000","2023-09-20 23:05:00.000","complete","active","1","Cartão de Crédito","visa",89.9,,,,
10608,"sub_1NsUqJCpjOdJI4gTq68OeTUh","2023-09-20",,"2023-09-20 15:09:43.000","2023-10-20 15:09:43.000","2023-09-20 15:09:43.000","2023-09-20 15:09:46.000","complete","active","1","Cartão de Crédito","visa",89.9,,,,
10661,"sub_1NsVBFCpjOdJI4gTb4A4hfTD","2023-09-20",,"2023-09-20 15:31:21.000","2024-03-20 15:31:21.000","2023-09-20 15:31:21.000","2023-09-20 15:31:24.000","complete","active","6","Cartão de Crédito","mastercard",383.52,,"SEMESTRAL20","TyuEUep5",
10830,"sub_1NsSsUCpjOdJI4gTU8f66PgW","2023-09-20",,"2023-09-20 13:03:50.000","2023-10-20 13:03:50.000","2023-09-20 13:03:50.000","2023-09-20 13:04:29.000","complete","active","1","Cartão de Crédito","mastercard",89.9,,,,
10828,"sub_1NsQSMCpjOdJI4gTw5HiqkJB","2023-09-20",,"2023-09-20 10:28:42.000","2023-10-20 10:28:42.000","2023-09-20 10:28:42.000","2023-09-20 10:28:44.000","complete","active","1","Cartão de Crédito","visa",89.9,,,,
10610,"sub_1NsT4bCpjOdJI4gTgsbFpCGw","2023-09-20",,"2023-09-20 13:16:21.000","2023-10-20 13:16:21.000","2023-09-20 13:16:21.000","2023-09-20 13:16:23.000","complete","active","1","Cartão de Crédito","visa",89.9,,,,
9452,"sub_1Nsq8GCpjOdJI4gTwK7gWo0o","2023-09-21",,"2023-09-21 13:53:39.000","2024-09-21 13:53:39.000","2023-09-21 13:53:40.000","2023-09-21 13:53:42.000","complete","active","12","Cartão de Crédito","visa",419.4,,"PREP50","dV87G5C6",
10971,"sub_1NsypHCpjOdJI4gTipqtyVSM","2023-09-21",,"2023-09-21 23:10:39.000","2023-10-21 23:10:39.000","2023-09-21 23:10:39.000","2023-09-21 23:26:29.000","complete","active","1","Cartão de Crédito","visa",89.9,,,,
10964,"sub_1Nsw8QCpjOdJI4gTFenQLbct","2023-09-21",,"2023-09-21 20:18:14.000","2024-09-21 20:18:14.000","2023-09-21 20:18:14.000","2023-09-21 20:18:16.000","complete","active","12","Cartão de Crédito","mastercard",419.4,,"PREP50","dV87G5C6",
10943,"sub_1NsqccCpjOdJI4gT9nQdk2gz","2023-09-21",,"2023-09-21 14:25:02.000","2023-10-21 14:25:02.000","2023-09-21 14:25:02.000","2023-09-21 14:25:05.000","complete","active","1","Cartão de Crédito","mastercard",44.95,,"capim50","5qATQ0hq",
10962,"sub_1Nsvh7CpjOdJI4gTdwMs0mdv","2023-09-21","2023-10-19","2023-09-21 19:50:01.000","2024-09-21 19:50:01.000","2023-09-21 19:50:01.000",,"complete","canceled","12","Cartão de Crédito","visa",838.8,,,,
10982,"sub_1NtBxRCpjOdJI4gTIiliCApp","2023-09-22",,"2023-09-22 13:11:57.000","2023-10-22 13:11:57.000","2023-09-22 13:11:57.000","2023-09-22 13:12:00.000","complete","active","1","Cartão de Crédito","mastercard",71.92,,"PREP20","cZ1wGhN0",
10300,"sub_1NtBeDCpjOdJI4gTmYyeQQns","2023-09-22",,"2023-09-22 12:52:05.000","2023-10-22 12:52:05.000","2023-09-22 12:52:05.000","2023-09-22 12:56:10.000","complete","active","1","Cartão de Crédito","mastercard",89.9,,,,
10958,"sub_1NtEklCpjOdJI4gTFOXQy7sn","2023-09-22",,"2023-09-22 16:11:03.000","2024-03-22 16:11:03.000","2023-09-22 16:11:04.000","2023-09-22 17:05:15.000","complete","active","6","Boleto",,383.52,,"SEMESTRAL20","TyuEUep5",
10876,"sub_1NtEvgCpjOdJI4gTS1NbotiR","2023-09-22",,"2023-09-22 16:22:20.000","2023-10-22 16:22:20.000","2023-09-22 16:22:20.000","2023-09-22 16:22:22.000","complete","active","1","Cartão de Crédito","mastercard",89.9,,,,
10110,"sub_1NtDtsCpjOdJI4gTLuds2O3U","2023-09-22",,"2023-09-22 15:16:24.000","2024-03-22 15:16:24.000","2023-09-22 15:16:24.000","2023-09-27 18:42:12.000","complete","active","6","Boleto",,479.4,,,,
9959,"sub_1Nt87WCpjOdJI4gTO9KaPSn3","2023-09-22",,"2023-09-22 09:06:06.000","2023-10-22 09:06:06.000","2023-09-22 09:06:06.000","2023-09-22 09:06:08.000","complete","active","1","Cartão de Crédito","visa",89.9,,,,
10978,"sub_1NtdsjCpjOdJI4gTFiB7GlLk","2023-09-23",,"2023-09-23 19:00:57.000","2023-10-23 19:00:57.000","2023-09-23 19:00:57.000","2023-09-23 19:00:59.000","complete","active","1","Cartão de Crédito","visa",89.9,,,,
10769,"sub_1NtdkJCpjOdJI4gTjvxf09pH","2023-09-23",,"2023-09-23 18:52:15.000","2023-10-23 18:52:15.000","2023-09-23 18:52:15.000","2023-09-23 18:52:18.000","complete","active","1","Cartão de Crédito","visa",62.93,,"CAPIM30","oUu4Feil",
10576,"sub_1NtV47CpjOdJI4gT59CvuujF","2023-09-23",,"2023-09-23 09:36:07.000","2023-10-23 09:36:07.000","2023-09-23 09:36:07.000","2023-09-23 09:36:09.000","complete","active","1","Cartão de Crédito","visa",89.9,,,,
10220,"sub_1NuJ7oCpjOdJI4gTrAFx40g4","2023-09-25",,"2023-09-25 15:03:16.000","2024-03-25 15:03:16.000","2023-09-25 15:03:16.000","2023-09-25 15:44:19.000","complete","active","6","Boleto",,383.52,,"SEMESTRAL20","TyuEUep5",
11011,"sub_1NuHdgCpjOdJI4gTRh5JSMOM","2023-09-25",,"2023-09-25 13:28:04.000","2024-09-25 13:28:04.000","2023-09-25 13:28:04.000","2023-09-25 18:44:12.000","complete","active","12","Boleto",,419.4,,,"dV87G5C6",
11065,"sub_1NuDCfCpjOdJI4gTaZ4o0x3C","2023-09-25",,"2023-09-25 08:43:53.000","2023-10-25 08:43:53.000","2023-09-25 08:43:53.000","2023-09-25 08:43:56.000","complete","active","1","Cartão de Crédito","mastercard",89.9,,,,
10511,"sub_1NuEEdCpjOdJI4gTsPtMQ952","2023-09-25",,"2023-09-25 09:49:59.000","2023-10-25 09:49:59.000","2023-09-25 09:49:59.000","2023-09-25 09:50:02.000","complete","active","1","Cartão de Crédito","mastercard",62.93,,,,
10549,"sub_1NuEktCpjOdJI4gTeEu3Ge0I","2023-09-25",,"2023-09-25 10:23:19.000","2023-10-25 10:23:19.000","2023-09-25 10:23:19.000","2023-09-25 10:23:33.000","complete","active","1","Cartão de Crédito","mastercard",62.93,,"CAPIM30","oUu4Feil",
10513,"sub_1NuNbyCpjOdJI4gTAnnNa29O","2023-09-25","2023-10-25","2023-09-25 19:50:41.000","2023-10-25 19:50:41.000","2023-09-25 19:50:42.000","2023-09-25 19:55:56.000","complete","active","1","Cartão de Crédito","visa",62.93,,,,
10797,"sub_1NuKFoCpjOdJI4gTNP0EK8vV","2023-09-25",,"2023-09-25 16:15:36.000","2023-10-25 16:15:36.000","2023-09-25 16:15:36.000","2023-09-25 16:15:38.000","complete","active","1","Cartão de Crédito","mastercard",89.9,,,,
10824,"sub_1NuLrPCpjOdJI4gTueNsfRSw","2023-09-25",,"2023-09-25 17:58:31.000","2023-10-25 17:58:31.000","2023-09-25 17:58:31.000","2023-09-25 17:58:34.000","complete","active","1","Cartão de Crédito","mastercard",89.9,,,,
10946,"sub_1NuNbwCpjOdJI4gTNf8CX5FR","2023-09-25",,"2023-09-25 19:50:40.000","2023-10-25 19:50:40.000","2023-09-25 19:50:40.000","2023-09-25 19:50:43.000","complete","active","1","Cartão de Crédito","visa",89.9,,,,
10293,"sub_1NuInCCpjOdJI4gTfXlyb9MH","2023-09-25",,"2023-09-25 14:41:58.000","2023-10-25 14:41:58.000","2023-09-25 14:41:58.000","2023-09-25 14:42:00.000","complete","active","1","Cartão de Crédito","mastercard",89.9,,,,
10856,"sub_1NuDSCCpjOdJI4gTrJUZvQH3","2023-09-25",,"2023-09-25 08:59:56.000","2023-10-25 08:59:56.000","2023-09-25 08:59:57.000","2023-09-25 08:59:59.000","complete","active","1","Cartão de Crédito","mastercard",89.9,,,,
9420,"sub_1NuFcgCpjOdJI4gTpdP0lq6g","2023-09-25",,"2023-09-25 11:18:54.000","2024-03-25 11:18:54.000","2023-09-25 11:18:54.000","2023-09-25 11:18:57.000","complete","active","6","Cartão de Crédito","mastercard",335.58,,"ANUAL30","YqXjKdhe",
10723,"sub_1Nue06CpjOdJI4gTQHCVP7VU","2023-09-26",,"2023-09-26 13:20:42.000","2023-10-26 13:20:42.000","2023-09-26 13:20:42.000","2023-09-26 13:20:44.000","complete","active","1","Cartão de Crédito","visa",89.9,,,,
11005,"sub_1NulD0CpjOdJI4gTktmbGxKE","2023-09-26",,"2023-09-26 21:02:30.000","2023-10-26 21:02:30.000","2023-09-26 21:02:30.000","2023-09-26 21:02:33.000","open","active","1","Cartão de Crédito","mastercard",89.9,,,,
11020,"sub_1NudEaCpjOdJI4gTNzbtpTQo","2023-09-26",,"2023-09-26 12:31:36.000","2024-09-26 12:31:36.000","2023-09-26 12:31:36.000","2023-09-26 16:01:13.000","complete","active","12","Boleto",,587.16,,"ANUAL30","YqXjKdhe",
10724,"sub_1NujAkCpjOdJI4gTpcVRGVzt","2023-09-26",,"2023-09-26 18:52:02.000","2024-09-26 18:52:02.000","2023-09-26 18:52:02.000","2023-09-26 18:52:04.000","complete","active","12","Cartão de Crédito","mastercard",587.16,,"ANUAL30","YqXjKdhe",
10915,"sub_1NuaZACpjOdJI4gT4HMEGvbb","2023-09-26","2023-10-26","2023-09-26 09:40:40.000","2023-10-26 09:40:40.000","2023-09-26 09:40:40.000","2023-09-26 09:40:42.000","complete","active","1","Cartão de Crédito","mastercard",62.93,,,,
10150,"sub_1NujUSCpjOdJI4gTBFbomS8B","2023-09-26",,"2023-09-26 19:12:24.000","2024-09-26 19:12:24.000","2023-09-26 19:12:24.000","2023-09-27 04:24:06.000","complete","active","12","Boleto",,587.16,,"ANUAL30","YqXjKdhe",
10107,"sub_1NucC4CpjOdJI4gT23SdUy8Z","2023-09-26",,"2023-09-26 11:24:56.000","2024-03-26 11:24:56.000","2023-09-26 11:24:56.000","2023-09-27 18:42:12.000","complete","active","6","Boleto",,479.4,,,,
9831,"sub_1NubjHCpjOdJI4gT6TR8rAlK","2023-09-26",,"2023-09-26 10:55:11.000","2024-09-26 10:55:11.000","2023-09-26 10:55:11.000","2023-09-26 10:55:23.000","complete","active","12","Cartão de Crédito","mastercard",838.8,,,,
10014,"sub_1Nuey3CpjOdJI4gTQbGreqy3","2023-09-26",,"2023-09-26 14:22:39.000","2024-03-26 14:22:39.000","2023-09-26 14:22:39.000","2023-09-27 18:42:12.000","complete","active","6","Boleto",,479.4,,,,
11099,"sub_1NuyhJCpjOdJI4gTOfmNiqeT","2023-09-27","2024-09-27","2023-09-27 11:26:41.000","2024-09-27 11:26:41.000","2023-09-27 11:26:41.000",,"complete","active","12","Cartão de Crédito","mastercard",838.8,,,,
10259,"sub_1Nv2huCpjOdJI4gTd3CZyjHE","2023-09-27",,"2023-09-27 15:43:34.000","2023-10-27 15:43:34.000","2023-09-27 15:43:34.000","2023-09-27 15:43:37.000","complete","active","1","Cartão de Crédito","visa",89.9,,,,
11148,"sub_1NuvF2CpjOdJI4gTb3aIX4TV","2023-09-27",,"2023-09-27 07:45:16.000","2024-09-27 07:45:16.000","2023-09-27 07:45:16.000","2023-09-27 09:02:25.000","complete","active","12","Boleto",,838.8,,,,
10641,"sub_1NuwCKCpjOdJI4gTJX0SjRMl","2023-09-27",,"2023-09-27 08:46:32.000","2023-10-27 08:46:32.000","2023-09-27 08:46:32.000","2023-09-27 08:46:34.000","complete","active","1","Cartão de Crédito","mastercard",89.9,,,,
10037,"sub_1Nv6V2CpjOdJI4gT7pyDVCuI","2023-09-27",,"2023-09-27 19:46:32.000","2024-09-27 19:46:32.000","2023-09-27 19:46:32.000","2023-09-28 04:13:39.000","complete","active","12","Boleto",,838.8,,,,
10889,"sub_1NuxgSCpjOdJI4gTyw9WSDoF","2023-09-27",,"2023-09-27 10:21:44.000","2024-09-27 10:21:44.000","2023-09-27 10:21:44.000","2023-09-27 11:21:14.000","complete","active","12","Cartão de Crédito","mastercard",838.8,,,,
11195,"sub_1Nv3y9CpjOdJI4gTky0in75L","2023-09-27",,"2023-09-27 17:04:25.000","2024-03-27 17:04:25.000","2023-09-27 17:04:25.000","2023-09-27 19:42:18.000","complete","active","6","Boleto",,383.52,,"SEMESTRAL20","TyuEUep5",
11172,"sub_1NuzRWCpjOdJI4gTgs1piTF3","2023-09-27",,"2023-09-27 12:14:26.000","2024-03-27 12:14:26.000","2023-09-27 12:14:26.000","2023-09-27 13:42:57.000","complete","active","6","Boleto",,383.52,,"SEMESTRAL20","TyuEUep5",
9946,"sub_1Nv47ACpjOdJI4gT1dFcJz9W","2023-09-27",,"2023-09-27 17:13:44.000","2024-09-27 17:13:44.000","2023-09-27 17:13:44.000","2023-09-27 17:14:04.000","complete","active","12","Cartão de Crédito","mastercard",587.16,,,,
10315,"sub_1Nv2erCpjOdJI4gTYkeOcKIM","2023-09-27",,"2023-09-27 15:40:25.000","2023-10-27 15:40:25.000","2023-09-27 15:40:25.000","2023-09-27 15:40:28.000","complete","active","1","Cartão de Crédito","mastercard",62.93,,"CAPIM30","oUu4Feil",
9849,"sub_1Nv1mUCpjOdJI4gT74NNQ99s","2023-09-27",,"2023-09-27 14:44:14.000","2024-03-27 14:44:14.000","2023-09-27 14:44:14.000","2023-10-02 18:13:11.000","complete","active","6","Boleto",,479.4,,,,
10149,"sub_1Nv4SgCpjOdJI4gTZUEtrZuN","2023-09-27","2023-10-27","2023-09-27 17:35:58.000","2023-10-27 17:35:58.000","2023-09-27 17:35:58.000","2023-09-27 17:36:00.000","complete","active","1","Cartão de Crédito","mastercard",89.9,,,,
9948,"sub_1Nv3NHCpjOdJI4gT8Fp8v9oG","2023-09-27",,"2023-09-27 16:26:19.000","2023-10-27 16:26:19.000","2023-09-27 16:26:19.000","2023-09-27 16:26:21.000","complete","active","1","Cartão de Crédito","visa",89.9,,,,
9675,"sub_1Nv1hhCpjOdJI4gThzaLI2aP","2023-09-27",,"2023-09-27 14:39:17.000","2024-03-27 14:39:17.000","2023-09-27 14:39:17.000","2023-10-02 18:13:12.000","complete","active","6","Boleto",,479.4,,,,
10700,"sub_1NuwnfCpjOdJI4gTeQaVwKe6","2023-09-27",,"2023-09-27 09:25:07.000","2023-10-27 09:25:07.000","2023-09-27 09:25:07.000","2023-09-27 09:25:09.000","complete","active","1","Cartão de Crédito","mastercard",89.9,,,,
10159,"sub_1Nv0TWCpjOdJI4gT1CPUVNbi","2023-09-27",,"2023-09-27 13:20:34.000","2023-10-27 13:20:34.000","2023-09-27 13:20:34.000","2023-09-27 13:20:36.000","complete","active","1","Cartão de Crédito","mastercard",89.9,,,,
10664,"sub_1Nv6fNCpjOdJI4gT3dsqngoD","2023-09-27",,"2023-09-27 19:57:13.000","2023-10-27 19:57:13.000","2023-09-27 19:57:13.000","2023-09-27 19:57:16.000","complete","active","1","Cartão de Crédito","mastercard",89.9,,,,
11161,"sub_1NuxX1CpjOdJI4gTxqa0FzKf","2023-09-27",,"2023-09-27 10:11:59.000","2024-09-27 10:11:59.000","2023-09-27 10:11:59.000","2023-09-27 10:12:12.000","complete","active","12","Cartão de Crédito","visa",838.8,,,,
11155,"sub_1NvJNDCpjOdJI4gT5vOWExb0","2023-09-28",,"2023-09-28 09:31:19.000","2024-09-28 09:31:19.000","2023-09-28 09:31:19.000","2023-09-28 09:31:21.000","complete","active","12","Cartão de Crédito","visa",419.4,,"PREP50","dV87G5C6",
11162,"sub_1NvLWlCpjOdJI4gTP5E9VglI","2023-09-28",,"2023-09-28 11:49:18.000","2023-10-28 11:49:18.000","2023-09-28 11:49:19.000","2023-09-28 11:49:21.000","complete","active","1","Cartão de Crédito","mastercard",89.9,,,,
11245,"sub_1NvVsPCpjOdJI4gTuvt7sCpN","2023-09-28",,"2023-09-28 22:52:21.000","2023-10-28 22:52:21.000","2023-09-28 22:52:21.000","2023-09-28 22:52:24.000","complete","active","1","Cartão de Crédito","visa",89.9,,,,
11238,"sub_1NvQrYCpjOdJI4gTjuX34tqO","2023-09-28",,"2023-09-28 17:31:08.000","2023-10-28 17:31:08.000","2023-09-28 17:31:08.000","2023-09-28 17:31:11.000","complete","active","1","Cartão de Crédito","mastercard",89.9,,,,
9412,"sub_1NvJ7aCpjOdJI4gT9q2S0Ix7","2023-09-28",,"2023-09-28 09:15:10.000","2023-10-28 09:15:10.000","2023-09-28 09:15:10.000","2023-09-28 11:28:35.000","complete","active","1","Cartão de Crédito","mastercard",44.95,,"capim50","5qATQ0hq",
9464,"sub_1NvPydCpjOdJI4gTUD300nvn","2023-09-28",,"2023-09-28 16:34:23.000","2023-10-28 16:34:23.000","2023-09-28 16:34:23.000","2023-09-28 16:34:26.000","complete","active","1","Cartão de Crédito","mastercard",62.93,,,,
11024,"sub_1NvJYfCpjOdJI4gTs4wSDlrV","2023-09-28",,"2023-09-28 09:43:08.000","2023-10-28 09:43:08.000","2023-09-28 09:43:09.000","2023-09-28 09:43:11.000","complete","active","1","Cartão de Crédito","visa",89.9,,,,
10924,"sub_1NvKL7CpjOdJI4gTXnB3aVGn","2023-09-28",,"2023-09-28 10:33:13.000","2023-10-28 10:33:13.000","2023-09-28 10:33:13.000","2023-09-28 10:33:16.000","complete","active","1","Cartão de Crédito","mastercard",62.93,,,,
11187,"sub_1NvOGPCpjOdJI4gTDWJ0WbCa","2023-09-28",,"2023-09-28 14:44:37.000","2023-10-28 14:44:37.000","2023-09-28 14:44:37.000","2023-09-28 14:44:47.000","complete","active","1","Cartão de Crédito","visa",89.9,,,,
10942,"sub_1NvLYgCpjOdJI4gTYQM4f8ZV","2023-09-28","2023-10-05","2023-09-28 11:51:18.000","2023-10-28 11:51:18.000","2023-09-28 11:51:18.000",,"complete","canceled","1","Cartão de Crédito","mastercard",89.9,,,,
11008,"sub_1NvMQ8CpjOdJI4gTdJZc3Q2l","2023-09-28",,"2023-09-28 12:46:32.000","2023-10-28 12:46:32.000","2023-09-28 12:46:32.000","2023-09-28 13:05:47.000","complete","active","1","Cartão de Crédito","mastercard",89.9,,,,
10928,"sub_1NvLFACpjOdJI4gTTNZSk2Zm","2023-09-28",,"2023-09-28 11:31:08.000","2023-10-28 11:31:08.000","2023-09-28 11:31:08.000","2023-09-28 11:31:11.000","complete","active","1","Cartão de Crédito","mastercard",89.9,,,,
11135,"sub_1NvOYQCpjOdJI4gTG5XeV61I","2023-09-28",,"2023-09-28 15:03:14.000","2023-10-28 15:03:14.000","2023-09-28 15:03:14.000","2023-09-28 15:03:17.000","complete","active","1","Cartão de Crédito","mastercard",89.9,,,,
11163,"sub_1NvNLfCpjOdJI4gTv2iFHPdG","2023-09-28",,"2023-09-28 13:45:59.000","2024-09-28 13:45:59.000","2023-09-28 13:45:59.000","2023-09-28 13:46:01.000","complete","active","12","Cartão de Crédito","visa",587.16,,"ANUAL30","YqXjKdhe",
11236,"sub_1NvkEKCpjOdJI4gTk2xDXM9S","2023-09-29",,"2023-09-29 14:11:56.000","2024-09-29 14:11:56.000","2023-09-29 14:11:56.000","2023-09-29 14:11:58.000","complete","active","12","Cartão de Crédito","mastercard",838.8,,,,
10604,"sub_1NvihMCpjOdJI4gTDoL8HDnB","2023-09-29",,"2023-09-29 12:33:48.000","2023-10-29 12:33:48.000","2023-09-29 12:33:48.000","2023-09-29 12:33:50.000","complete","active","1","Cartão de Crédito","mastercard",89.9,,,,
10985,"sub_1NvlnGCpjOdJI4gTXzrvLxaI","2023-09-29",,"2023-09-29 15:52:06.000","2023-10-29 15:52:06.000","2023-09-29 15:52:06.000","2023-09-29 15:52:08.000","complete","active","1","Cartão de Crédito","visa",44.95,,,,
11006,"sub_1NvoOsCpjOdJI4gTtJWoB4og","2023-09-29",,"2023-09-29 18:39:06.000","2024-09-29 18:39:06.000","2023-09-29 18:39:06.000","2023-09-29 19:22:38.000","complete","active","12","Boleto",,587.16,,"ANUAL30","YqXjKdhe",
10930,"sub_1NvlHUCpjOdJI4gTCAwQc4Iz","2023-09-29",,"2023-09-29 15:19:16.000","2023-10-29 15:19:16.000","2023-09-29 15:19:16.000",,"complete","active","1","Cartão de Crédito","visa",89.9,,,,
10622,"sub_1NvmloCpjOdJI4gT23kUdMgg","2023-09-29",,"2023-09-29 16:54:40.000","2023-10-29 16:54:40.000","2023-09-29 16:54:40.000","2023-09-29 16:54:42.000","complete","active","1","Cartão de Crédito","visa",89.9,,,,
11171,"sub_1NvhcqCpjOdJI4gTTtbKBzq5","2023-09-29",,"2023-09-29 11:25:03.000","2024-09-29 11:25:03.000","2023-09-29 11:25:04.000","2023-09-29 11:25:06.000","complete","active","12","Cartão de Crédito","mastercard",587.16,,"ANUAL30","YqXjKdhe",
11060,"sub_1Nvs1nCpjOdJI4gTMri5Vwxj","2023-09-29",,"2023-09-29 22:31:31.000","2023-10-29 22:31:31.000","2023-09-29 22:31:31.000","2023-09-29 22:31:33.000","complete","active","1","Cartão de Crédito","mastercard",89.9,,,,
11081,"sub_1Nw5l0CpjOdJI4gTW2ci2PR1","2023-09-30",,"2023-09-30 13:11:06.000","2024-03-30 13:11:06.000","2023-09-30 13:11:06.000","2023-10-02 10:41:54.000","complete","active","6","Boleto",,383.52,,"SEMESTRAL20","TyuEUep5",
10992,"sub_1Nw2pYCpjOdJI4gT2AWC7YA9","2023-09-30",,"2023-09-30 10:03:35.000","2024-09-30 10:03:35.000","2023-09-30 10:03:36.000","2023-09-30 10:03:38.000","complete","active","12","Cartão de Crédito","visa",838.8,,,,
10763,"sub_1Nw5hOCpjOdJI4gTNOyJMAj5","2023-09-30",,"2023-09-30 13:07:22.000","2024-03-30 13:07:22.000","2023-09-30 13:07:22.000","2023-09-30 13:07:25.000","complete","active","6","Cartão de Crédito","visa",383.52,,"SEMESTRAL20","TyuEUep5",
10922,"sub_1NwYRlCpjOdJI4gTekrYX56j","2023-10-01",,"2023-10-01 19:49:09.000","2023-11-01 19:49:09.000","2023-10-01 19:49:09.000","2023-10-01 19:49:14.000","complete","active","1","Cartão de Crédito","mastercard",89.9,,,,
11062,"sub_1NwRwnCpjOdJI4gTyPk8qzh8","2023-10-01",,"2023-10-01 12:52:45.000","2023-11-01 12:52:45.000","2023-10-01 12:52:45.000","2023-10-01 12:52:48.000","complete","active","1","Cartão de Crédito","mastercard",89.9,,,,
10268,"sub_1NwYutCpjOdJI4gTWTpCJRyL","2023-10-01",,"2023-10-01 20:19:15.000","2023-11-01 20:19:15.000","2023-10-01 20:19:15.000","2023-10-01 20:19:18.000","complete","active","1","Cartão de Crédito","visa",89.9,,,,
9715,"sub_1NwpJBCpjOdJI4gTJhpIIxVS","2023-10-02",,"2023-10-02 13:49:25.000","2024-04-02 13:49:25.000","2023-10-02 13:49:25.000","2023-10-04 11:33:25.000","complete","active","6","Boleto",,383.52,,"SEMESTRAL20","TyuEUep5",
11061,"sub_1NwrOlCpjOdJI4gTZq1UW6dv","2023-10-02",,"2023-10-02 16:03:19.000","2024-10-02 16:03:19.000","2023-10-02 16:03:19.000","2023-10-02 19:37:07.000","complete","active","12","Boleto",,587.16,,,,
11196,"sub_1Nwn9FCpjOdJI4gTZUbZDNCY","2023-10-02",,"2023-10-02 11:31:01.000","2024-04-02 11:31:01.000","2023-10-02 11:31:01.000","2023-10-03 13:55:26.000","complete","active","6","Boleto",,479.4,,,,
11131,"sub_1NwpKdCpjOdJI4gTxaamwWSb","2023-10-02",,"2023-10-02 13:50:55.000","2024-04-02 13:50:55.000","2023-10-02 13:50:55.000","2023-10-05 14:41:07.000","complete","active","6","Boleto",,479.4,,,,
11197,"sub_1NwldsCpjOdJI4gTrlMWQn9o","2023-10-02",,"2023-10-02 09:54:32.000","2024-04-02 09:54:32.000","2023-10-02 09:54:32.000","2023-10-02 10:41:54.000","complete","active","6","Boleto",,383.52,,"SEMESTRAL20","TyuEUep5",
11133,"sub_1Nwt5kCpjOdJI4gTpIXaC6K1","2023-10-02",,"2023-10-02 17:51:48.000","2023-11-02 17:51:48.000","2023-10-02 17:51:48.000","2023-10-02 17:51:50.000","complete","active","1","Cartão de Crédito","mastercard",89.9,,,,
10117,"sub_1NwohHCpjOdJI4gTrXElolqi","2023-10-02",,"2023-10-02 13:10:15.000","2023-11-02 13:10:15.000","2023-10-02 13:10:15.000","2023-10-02 13:10:17.000","complete","active","1","Cartão de Crédito","mastercard",89.9,,,,
10181,"sub_1NwrigCpjOdJI4gTiI8gQwiP","2023-10-02",,"2023-10-02 16:23:54.000","2023-11-02 16:23:54.000","2023-10-02 16:23:54.000","2023-10-02 16:23:57.000","complete","active","1","Cartão de Crédito","mastercard",89.9,,,,
9311,"sub_1NwsWwCpjOdJI4gTmoUTogRH","2023-10-02",,"2023-10-02 17:15:49.000","2023-11-02 17:15:49.000","2023-10-02 17:15:50.000",,"complete","active","1","Cartão de Crédito","mastercard",89.9,,,,
11231,"sub_1NxAGVCpjOdJI4gT4JalsKLP","2023-10-03",,"2023-10-03 12:12:03.000","2023-11-03 12:12:03.000","2023-10-03 12:12:03.000","2023-10-03 12:12:05.000","complete","active","1","Cartão de Crédito","visa",89.9,,,,
9741,"sub_1Nx9WKCpjOdJI4gTawRBIsf2","2023-10-03",,"2023-10-03 11:24:20.000","2023-11-03 11:24:20.000","2023-10-03 11:24:21.000","2023-10-03 11:24:23.000","complete","active","1","Cartão de Crédito","visa",89.9,,,,
11229,"sub_1NxE3nCpjOdJI4gT0pM3dFYG","2023-10-03",,"2023-10-03 16:15:10.000","2023-11-03 16:15:10.000","2023-10-03 16:15:11.000","2023-10-03 16:15:14.000","complete","active","1","Cartão de Crédito","mastercard",89.9,,,,
11294,"sub_1NxA7wCpjOdJI4gTijKsKNDr","2023-10-03",,"2023-10-03 12:03:12.000","2023-11-03 12:03:12.000","2023-10-03 12:03:12.000","2023-10-03 12:03:15.000","complete","active","1","Cartão de Crédito","mastercard",89.9,,,,
11224,"sub_1Nx9t0CpjOdJI4gTSvc6VUJh","2023-10-03",,"2023-10-03 11:47:46.000","2024-04-03 11:47:46.000","2023-10-03 11:47:46.000","2023-10-03 11:48:30.000","complete","active","6","Cartão de Crédito","mastercard",335.58,,"CAPIM30","oUu4Feil",
10807,"sub_1NxHPyCpjOdJI4gT7UmP8UZ6","2023-10-03",,"2023-10-03 19:50:18.000","2023-11-03 19:50:18.000","2023-10-03 19:50:18.000","2023-10-03 19:50:21.000","complete","active","1","Cartão de Crédito","mastercard",89.9,,,,
11090,"sub_1NxEWsCpjOdJI4gTaCYhyWe3","2023-10-03",,"2023-10-03 16:45:14.000","2023-11-03 16:45:14.000","2023-10-03 16:45:14.000","2023-10-03 16:45:16.000","complete","active","1","Cartão de Crédito","mastercard",89.9,,,,
11188,"sub_1Nx8kQCpjOdJI4gT4knrhosf","2023-10-03",,"2023-10-03 10:34:50.000","2023-11-03 10:34:50.000","2023-10-03 10:34:50.000","2023-10-03 10:34:53.000","complete","active","1","Cartão de Crédito","mastercard",89.9,,,,
11203,"sub_1NxDNkCpjOdJI4gT8sSTjm3R","2023-10-03",,"2023-10-03 15:31:44.000","2024-10-03 15:31:44.000","2023-10-03 15:31:44.000","2023-10-03 15:31:47.000","complete","active","12","Cartão de Crédito","visa",838.8,,,,
10611,"sub_1NxHWCCpjOdJI4gTAUxgtZ3p","2023-10-03",,"2023-10-03 19:56:44.000","2023-11-03 19:56:44.000","2023-10-03 19:56:44.000","2023-10-03 20:00:23.000","complete","active","1","Cartão de Crédito","visa",89.9,,,,
11250,"sub_1NxexVCpjOdJI4gTkqEwx7Fu","2023-10-04",,"2023-10-04 20:58:29.000","2024-10-04 20:58:29.000","2023-10-04 20:58:29.000","2023-10-04 20:58:31.000","complete","active","12","Cartão de Crédito","visa",587.16,,,,
11272,"sub_1NxUa0CpjOdJI4gT3ahFXv9i","2023-10-04",,"2023-10-04 09:53:32.000","2024-04-04 09:53:32.000","2023-10-04 09:53:32.000","2023-10-04 09:53:35.000","complete","active","6","Cartão de Crédito","visa",479.4,,,,
11134,"sub_1NxZ7NCpjOdJI4gTJfJLYbVe","2023-10-04",,"2023-10-04 14:44:17.000","2024-04-04 14:44:17.000","2023-10-04 14:44:17.000","2023-10-05 16:12:58.000","complete","active","6","Boleto",,479.4,,,,
11226,"sub_1NxXg8CpjOdJI4gTF55OwFq3","2023-10-04",,"2023-10-04 13:12:04.000","2024-10-04 13:12:04.000","2023-10-04 13:12:04.000","2023-10-04 18:40:06.000","open","active","12","Cartão de Crédito","mastercard",587.16,,,"YqXjKdhe",
10789,"sub_1NxdHaCpjOdJI4gTfoDT5enu","2023-10-04",,"2023-10-04 19:11:06.000","2023-11-04 19:11:06.000","2023-10-04 19:11:06.000","2023-10-04 19:12:18.000","complete","active","1","Cartão de Crédito","mastercard",89.9,,,,
9422,"sub_1NxYgFCpjOdJI4gTEXHGn7Go","2023-10-04",,"2023-10-04 14:16:15.000","2024-04-04 14:16:15.000","2023-10-04 14:16:15.000","2023-10-04 14:16:18.000","complete","active","6","Cartão de Crédito","mastercard",479.4,,,,
9832,"sub_1NxZ3cCpjOdJI4gTq79ROBNX","2023-10-04",,"2023-10-04 14:40:24.000","2023-11-04 14:40:24.000","2023-10-04 14:40:24.000","2023-10-04 14:40:27.000","complete","active","1","Cartão de Crédito","mastercard",89.9,,,,
11186,"sub_1NxcbKCpjOdJI4gTEYpbNCuF","2023-10-04",,"2023-10-04 18:27:26.000","2023-11-04 18:27:26.000","2023-10-04 18:27:26.000","2023-10-09 14:07:07.000","open","active","1","Boleto",,89.9,,,,
11190,"sub_1NxcoXCpjOdJI4gTt4JA8e3g","2023-10-04",,"2023-10-04 18:41:05.000","2024-10-04 18:41:05.000","2023-10-04 18:41:05.000","2023-10-04 18:41:07.000","complete","active","12","Cartão de Crédito","visa",587.16,,"ANUAL30","YqXjKdhe",
11170,"sub_1NxXD1CpjOdJI4gTZG2CWUZo","2023-10-04",,"2023-10-04 12:41:59.000","2024-10-04 12:41:59.000","2023-10-04 12:41:59.000","2023-10-05 11:47:30.000","complete","active","12","Boleto",,838.8,,,,
11165,"sub_1NxVh5CpjOdJI4gTIqe4xCYa","2023-10-04",,"2023-10-04 11:04:55.000","2023-11-04 11:04:55.000","2023-10-04 11:04:55.000","2023-10-04 11:04:58.000","complete","active","1","Cartão de Crédito","mastercard",89.9,,,,
10584,"sub_1NxUIqCpjOdJI4gTdSP7jQ0o","2023-10-04",,"2023-10-04 09:35:48.000","2024-10-04 09:35:48.000","2023-10-04 09:35:48.000","2023-10-04 09:35:51.000","complete","active","12","Cartão de Crédito","visa",838.8,,,,
10538,"sub_1NxycaCpjOdJI4gTglExQnqB","2023-10-05","2023-11-05","2023-10-05 17:58:12.000","2023-11-05 17:58:12.000","2023-10-05 17:58:12.000","2023-10-05 17:59:13.000","open","active","1","Cartão de Crédito","mastercard",89.9,,,,
10530,"sub_1NxyRyCpjOdJI4gTQI3CpiEN","2023-10-05",,"2023-10-05 17:47:14.000","2023-11-05 17:47:14.000","2023-10-05 17:47:14.000","2023-10-05 17:47:16.000","complete","active","1","Cartão de Crédito","mastercard",89.9,,,,
10948,"sub_1NxvGFCpjOdJI4gTe9tWFF81","2023-10-05",,"2023-10-05 14:22:55.000","2023-11-05 14:22:55.000","2023-10-05 14:22:55.000","2023-10-05 14:22:57.000","complete","active","1","Cartão de Crédito","visa",89.9,,,,
10927,"sub_1NxrOqCpjOdJI4gTZLyfTRJj","2023-10-05",,"2023-10-05 10:15:32.000","2023-11-05 10:15:32.000","2023-10-05 10:15:32.000","2023-10-05 10:15:35.000","complete","active","1","Cartão de Crédito","mastercard",89.9,,,,
11160,"sub_1NxrwwCpjOdJI4gTWCbrFfuR","2023-10-05",,"2023-10-05 10:50:46.000","2023-11-05 10:50:46.000","2023-10-05 10:50:46.000","2023-10-05 10:50:49.000","complete","active","1","Cartão de Crédito","mastercard",89.9,,,,
9904,"sub_1NyDEMCpjOdJI4gTReHr5BKT","2023-10-06",,"2023-10-06 09:34:10.000","2023-11-06 09:34:10.000","2023-10-06 09:34:10.000","2023-10-06 09:34:13.000","complete","active","1","Cartão de Crédito","mastercard",89.9,,,,
10277,"sub_1NyDbrCpjOdJI4gTfLyMepXt","2023-10-06",,"2023-10-06 09:58:27.000","2023-11-06 09:58:27.000","2023-10-06 09:58:27.000","2023-10-06 09:58:29.000","complete","active","1","Cartão de Crédito","mastercard",89.9,,,,
11282,"sub_1NyFOUCpjOdJI4gTIQuXAC1k","2023-10-06",,"2023-10-06 11:52:46.000","2023-11-06 11:52:46.000","2023-10-06 11:52:46.000","2023-10-06 11:52:49.000","complete","active","1","Cartão de Crédito","mastercard",89.9,,,,
10788,"sub_1NyDjYCpjOdJI4gTkMIaDvab","2023-10-06",,"2023-10-06 10:06:24.000","2024-04-06 10:06:24.000","2023-10-06 10:06:24.000","2023-10-09 12:43:03.000","complete","active","6","Boleto",,335.58,,,"oUu4Feil",
10507,"sub_1Nz3izCpjOdJI4gTduA5SYP3","2023-10-08",,"2023-10-08 17:37:17.000","2023-11-08 17:37:17.000","2023-10-08 17:37:17.000","2023-10-08 17:37:20.000","complete","active","1","Cartão de Crédito","mastercard",62.93,,"CAPIM30","oUu4Feil",
10368,"sub_1NzP5pCpjOdJI4gTpGPAH14N","2023-10-09",,"2023-10-09 16:26:17.000","2023-11-09 16:26:17.000","2023-10-09 16:26:17.000","2023-10-09 16:45:00.000","complete","active","1","Cartão de Crédito","mastercard",89.9,,,,
9459,"sub_1NzMosCpjOdJI4gTCsCoJiLG","2023-10-09",,"2023-10-09 14:00:38.000","2024-04-09 14:00:38.000","2023-10-09 14:00:38.000","2023-10-09 14:45:21.000","complete","active","6","Boleto",,383.52,,"SEMESTRAL20","TyuEUep5",
9993,"sub_1NzOWSCpjOdJI4gTtwNWDOPP","2023-10-09",,"2023-10-09 15:49:44.000","2023-11-09 15:49:44.000","2023-10-09 15:49:44.000","2023-10-09 15:53:40.000","complete","active","1","Cartão de Crédito","mastercard",89.9,,,,
10691,"sub_1NzNiACpjOdJI4gTSD2kRROA","2023-10-09",,"2023-10-09 14:57:46.000","2024-10-09 14:57:46.000","2023-10-09 14:57:46.000","2023-10-09 15:42:58.000","complete","active","12","Boleto",,587.16,,,"YqXjKdhe",
10385,"sub_1NzJ0jCpjOdJI4gTbjDBuvf1","2023-10-09",,"2023-10-09 09:56:37.000","2023-11-09 09:56:37.000","2023-10-09 09:56:37.000","2023-10-09 09:56:39.000","complete","active","1","Cartão de Crédito","visa",89.9,,,,
11223,"sub_1NzKnsCpjOdJI4gT0pktObTo","2023-10-09",,"2023-10-09 11:51:28.000","2023-11-09 11:51:28.000","2023-10-09 11:51:28.000","2023-10-09 11:51:31.000","complete","active","1","Cartão de Crédito","mastercard",89.9,,,,
10627,"sub_1NzOTmCpjOdJI4gTWSbDhGod","2023-10-09",,"2023-10-09 15:46:58.000","2024-10-09 15:46:58.000","2023-10-09 15:46:58.000","2023-10-10 10:45:04.000","complete","active","12","Boleto",,587.16,,"ANUAL30","YqXjKdhe",
11230,"sub_1NzjY6CpjOdJI4gTFMqQpzp3","2023-10-10",,"2023-10-10 14:16:50.000","2023-11-10 14:16:50.000","2023-10-10 14:16:50.000","2023-10-10 14:16:53.000","complete","active","1","Cartão de Crédito","mastercard",89.9,,,,
11180,"sub_1NzmetCpjOdJI4gTROeKTccm","2023-10-10",,"2023-10-10 17:36:03.000","2023-11-10 17:36:03.000","2023-10-10 17:36:03.000","2023-10-10 17:36:06.000","complete","active","1","Cartão de Crédito","mastercard",89.9,,,,
10910,"sub_1Nzk3FCpjOdJI4gT327bxzzs","2023-10-10",,"2023-10-10 14:49:01.000","2023-11-10 14:49:01.000","2023-10-10 14:49:01.000","2023-10-10 14:49:04.000","complete","active","1","Cartão de Crédito","visa",71.92,,"PREP20","cZ1wGhN0",
11093,"sub_1NzlteCpjOdJI4gTduXiNbN2","2023-10-10",,"2023-10-10 16:47:14.000","2023-11-10 16:47:14.000","2023-10-10 16:47:14.000","2023-10-10 16:47:16.000","complete","active","1","Cartão de Crédito","visa",89.9,,,,
11233,"sub_1O0CqrCpjOdJI4gTagSsKg4I","2023-10-11",,"2023-10-11 21:34:09.000","2024-10-11 21:34:09.000","2023-10-11 21:34:09.000","2023-10-12 05:12:52.000","complete","active","12","Boleto",,587.16,,"ANUAL30","YqXjKdhe",
11140,"sub_1O09d8CpjOdJI4gTRFbj0xHR","2023-10-11",,"2023-10-11 18:07:46.000","2023-11-11 18:07:46.000","2023-10-11 18:07:46.000","2023-10-11 18:07:49.000","complete","active","1","Cartão de Crédito","visa",89.9,,,,
11246,"sub_1O057iCpjOdJI4gTjmq7bLId","2023-10-11",,"2023-10-11 13:19:02.000","2023-11-11 13:19:02.000","2023-10-11 13:19:02.000","2023-10-11 13:19:05.000","complete","active","1","Cartão de Crédito","mastercard",89.9,,,,
11265,"sub_1O07KmCpjOdJI4gTDirjo3IB","2023-10-11",,"2023-10-11 15:40:40.000","2023-11-11 15:40:40.000","2023-10-11 15:40:40.000","2023-10-11 15:40:49.000","complete","active","1","Cartão de Crédito","mastercard",89.9,,,,
11275,"sub_1O01ZSCpjOdJI4gTdaQaRWQG","2023-10-11",,"2023-10-11 09:31:26.000","2023-11-11 09:31:26.000","2023-10-11 09:31:26.000","2023-10-11 09:31:29.000","complete","active","1","Cartão de Crédito","mastercard",89.9,,,,
9602,"sub_1O0rARCpjOdJI4gTSmd8YRAu","2023-10-13",,"2023-10-13 16:37:03.000","2023-11-13 16:37:03.000","2023-10-13 16:37:03.000","2023-10-13 16:37:06.000","complete","active","1","Cartão de Crédito","mastercard",89.9,,,,
10126,"sub_1O1dJ3CpjOdJI4gTKmUwKaNP","2023-10-15",,"2023-10-15 20:01:09.000","2024-10-15 20:01:09.000","2023-10-15 20:01:09.000","2023-10-15 20:01:11.000","complete","active","12","Cartão de Crédito","visa",838.8,,,,
11094,"sub_1O1p4kCpjOdJI4gTSGAHSh28","2023-10-16",,"2023-10-16 08:35:10.000","2023-11-16 08:35:10.000","2023-10-16 08:35:10.000","2023-10-16 08:35:12.000","complete","active","1","Cartão de Crédito","mastercard",89.9,,,,
11251,"sub_1O1rrjCpjOdJI4gTiOYHAUG3","2023-10-16",,"2023-10-16 11:33:55.000","2024-10-16 11:33:55.000","2023-10-16 11:33:55.000","2023-10-16 11:33:57.000","complete","active","12","Cartão de Crédito","visa",838.8,,,,
10314,"sub_1O2F0FCpjOdJI4gT1kqeULiV","2023-10-17",,"2023-10-17 12:16:15.000","2023-11-17 12:16:15.000","2023-10-17 12:16:15.000","2023-10-17 12:16:17.000","complete","active","1","Cartão de Crédito","mastercard",89.9,,,,
9743,"sub_1O2Dt4CpjOdJI4gTDlHsdcSb","2023-10-17",,"2023-10-17 11:04:46.000","2024-04-17 11:04:46.000","2023-10-17 11:04:46.000","2023-10-17 17:02:52.000","complete","active","6","Boleto",,479.4,,,,
10677,"sub_1O2OKyCpjOdJI4gTGcbY55OT","2023-10-17",,"2023-10-17 22:14:16.000","2023-11-17 22:14:16.000","2023-10-17 22:14:16.000","2023-10-17 22:14:30.000","complete","active","1","Cartão de Crédito","visa",89.9,,,,
11044,"sub_1O2IC2CpjOdJI4gT55FeMmr3","2023-10-17",,"2023-10-17 15:40:38.000","2023-11-17 15:40:38.000","2023-10-17 15:40:38.000","2023-10-17 15:40:41.000","complete","active","1","Cartão de Crédito","mastercard",89.9,,,,
11263,"sub_1O2JLSCpjOdJI4gT96a0aafV","2023-10-17",,"2023-10-17 16:54:26.000","2024-04-17 16:54:26.000","2023-10-17 16:54:26.000","2023-10-17 16:54:29.000","complete","active","6","Cartão de Crédito","visa",479.4,,,,
11235,"sub_1O2dqXCpjOdJI4gTmvKE34p5","2023-10-18",,"2023-10-18 14:47:53.000","2023-11-18 14:47:53.000","2023-10-18 14:47:53.000","2023-10-18 14:47:55.000","complete","active","1","Cartão de Crédito","mastercard",89.9,,,,
11031,"sub_1O2gIxCpjOdJI4gTm01tQrxp","2023-10-18","2023-10-19","2023-10-18 17:25:23.000","2023-11-18 17:25:23.000","2023-10-18 17:25:23.000",,"complete","canceled","1","Cartão de Crédito","mastercard",89.9,,,,
10061,"sub_1O2ZhJCpjOdJI4gTAftyksc5","2023-10-18",,"2023-10-18 10:22:05.000","2023-11-18 10:22:05.000","2023-10-18 10:22:05.000","2023-10-18 10:22:09.000","complete","active","1","Cartão de Crédito","mastercard",89.9,,,,
10358,"sub_1O2hEOCpjOdJI4gTeYuyijNI","2023-10-18",,"2023-10-18 18:24:44.000","2023-11-18 18:24:44.000","2023-10-18 18:24:44.000","2023-10-19 12:11:15.000","open","active","1","Boleto",,89.9,,,,
11004,"sub_1O2hVVCpjOdJI4gTyYw4eM8I","2023-10-18",,"2023-10-18 18:42:25.000","2023-11-18 18:42:25.000","2023-10-18 18:42:25.000","2023-10-18 18:42:27.000","complete","active","1","Cartão de Crédito","visa",89.9,,,,
11242,"sub_1O3028CpjOdJI4gTGwA9zyu5","2023-10-19",,"2023-10-19 14:29:20.000","2023-11-19 14:29:20.000","2023-10-19 14:29:20.000","2023-10-19 14:29:23.000","complete","active","1","Cartão de Crédito","visa",89.9,,,,
9017,"sub_1O2tjnCpjOdJI4gT1Ta31mBR","2023-10-19",,"2023-10-19 07:45:59.000","2023-11-19 07:45:59.000","2023-10-19 07:45:59.000","2023-10-19 07:55:08.000","complete","active","1","Cartão de Crédito","visa",89.9,,,,
10598,"sub_1O3H1rCpjOdJI4gTndMLUXUv","2023-10-20",,"2023-10-20 08:38:11.000","2023-11-20 08:38:11.000","2023-10-20 08:38:11.000","2023-10-20 08:38:14.000","complete","active","1","Cartão de Crédito","visa",89.9,,,,
10979,"sub_1O2fHvCpjOdJI4gTrnDDw6J3",,,"2023-10-18 16:20:15.000","2024-10-18 16:20:15.000","2023-10-18 16:20:15.000",,"complete","incomplete",,,,,,,,